market_id,usable_points,timestamp_min,timestamp_max,min_price,max_price,unique_transactions,observed_days,question,market_family,asset,is_core,is_satellite,resolved_outcome,start_date,close_date,volume_clob
1082748,4000,2026-01-27 01:53:03+00:00,2026-02-01 07:08:40+00:00,0.001,0.003000000003,4000,5.2191782407407405,"Will Bitcoin reach $150,000 in January?",btc_price,BTC,True,False,No,,2026-02-01 07:48:00+00:00,26660909.268647
1082749,4000,2026-01-22 15:12:36+00:00,2026-02-01 03:52:48+00:00,0.000999999001000007,0.0036798515717546554,4000,9.527916666666666,"Will Ethereum reach $6,000 in January?",eth_price,ETH,True,False,No,,2026-02-01 07:46:58+00:00,13219840.034141
1082753,4000,2026-01-22 05:32:38+00:00,2026-02-01 07:12:48+00:00,0.000999999001000007,0.0050000000000000044,4000,10.069560185185185,"Will Bitcoin reach $130,000 in January?",btc_price,BTC,True,False,No,,2026-02-01 07:47:02+00:00,4218206.46442
1082757,4000,2026-01-14 17:54:20+00:00,2026-02-01 07:12:40+00:00,0.000999999001000007,0.02,4000,17.55439814814815,"Will Bitcoin reach $125,000 in January?",btc_price,BTC,True,False,No,,2026-02-01 07:45:58+00:00,7080988.613707
1082763,4000,2026-01-12 07:56:22+00:00,2026-02-01 07:06:52+00:00,0.001,0.035,4000,19.965625,"Will Bitcoin reach $120,000 in January?",btc_price,BTC,True,False,No,,2026-02-01 07:51:50+00:00,4349534.835157
1082772,4000,2026-01-18 15:27:34+00:00,2026-02-01 07:35:06+00:00,0.000999999001000007,0.052999951292996055,4000,13.671898148148149,"Will Bitcoin reach $110,000 in January?",btc_price,BTC,True,False,No,,2026-02-01 07:48:04+00:00,5848826.617589
1082777,4000,2026-01-23 18:56:50+00:00,2026-02-01 07:01:22+00:00,0.000999999001000007,0.024705435195743062,4000,8.503148148148147,"Will Bitcoin reach $105,000 in January?",btc_price,BTC,True,False,No,,2026-02-01 07:51:50+00:00,6931678.684053
1082781,4000,2026-01-28 18:00:10+00:00,2026-02-01 07:29:38+00:00,0.000999999001000007,0.030000000000000027,4000,3.5621296296296294,"Will Bitcoin reach $100,000 in January?",btc_price,BTC,True,False,No,,2026-02-01 07:50:52+00:00,13025594.701676
1082793,4000,2026-01-27 17:25:23+00:00,2026-01-29 17:53:40+00:00,0.07999999999999996,0.999,4000,2.0196412037037037,"Will Bitcoin dip to $85,000 in January?",btc_price,BTC,True,False,Yes,,2026-01-29 17:52:40+00:00,8583813.346589
1082796,4000,2026-01-31 06:15:02+00:00,2026-01-31 19:53:02+00:00,0.019000026487025812,0.999,4000,0.5680555555555555,"Will Bitcoin dip to $80,000 in January?",btc_price,BTC,True,False,Yes,,2026-01-31 19:51:54+00:00,6752276.849259
1082801,4000,2026-01-31 20:26:36+00:00,2026-02-01 07:49:58+00:00,0.000999999001000007,0.347,4000,0.47456018518518517,"Will Bitcoin dip to $75,000 in January?",btc_price,BTC,True,False,No,,2026-02-01 07:50:52+00:00,5040901.869193
1082805,4000,2026-01-21 14:53:52+00:00,2026-02-01 07:49:14+00:00,0.000999999001000007,0.12399996577599803,4000,10.705115740740741,"Will Bitcoin dip to $70,000 in January?",btc_price,BTC,True,False,No,,2026-02-01 07:49:00+00:00,4150722.768299
1303353,4000,2026-02-19 02:36:56+00:00,2026-03-01 07:16:45+00:00,0.000999999001000007,0.0020000000000000018,4000,10.19431712962963,"Will Ethereum reach $5,000 in February?",eth_price,ETH,True,False,No,,2026-03-01 09:23:05+00:00,7971673.119105
1303355,4000,2026-02-21 04:33:22+00:00,2026-03-01 06:54:49+00:00,0.000999999001000007,0.0020000000000000018,4000,8.098229166666666,"Will Bitcoin reach $150,000 in February?",btc_price,BTC,True,False,No,,2026-03-01 08:07:05+00:00,28829221.50917
1303357,4000,2026-02-13 11:04:55+00:00,2026-03-01 08:27:01+00:00,0.000999999001000007,0.003000000013636364,4000,15.890347222222223,"Will Ethereum reach $4,400 in February?",eth_price,ETH,True,False,No,,2026-03-01 09:23:07+00:00,8802970.895394
1303358,4000,2026-02-16 17:25:05+00:00,2026-03-01 06:06:51+00:00,0.000999999001000007,0.0030000000000000027,4000,12.529004629629629,"Will Bitcoin reach $125,000 in February?",btc_price,BTC,True,False,No,,2026-03-01 08:07:37+00:00,4451426.156936
1303377,4000,2026-02-06 18:39:43+00:00,2026-03-01 07:56:45+00:00,0.000999999001000007,0.03200000000000003,4000,22.55349537037037,"Will Bitcoin reach $100,000 in February?",btc_price,BTC,True,False,No,,2026-03-01 08:09:59+00:00,3901725.759705
1303381,4000,2026-02-12 11:56:39+00:00,2026-02-28 20:53:39+00:00,0.001,0.026903807869333964,4000,16.372916666666665,"Will Bitcoin reach $90,000 in February?",btc_price,BTC,True,False,No,,2026-03-01 08:11:03+00:00,4835100.51547
1303384,4000,2026-02-18 09:09:50+00:00,2026-03-01 07:55:41+00:00,0.001,0.03380226959059865,4000,10.948506944444444,"Will Bitcoin reach $85,000 in February?",btc_price,BTC,True,False,No,,2026-03-01 08:11:29+00:00,7551511.585962
1303397,4000,2026-02-02 08:55:16+00:00,2026-02-06 04:10:57+00:00,0.07999999999999996,0.999000000999,4000,3.80255787037037,"Will Bitcoin dip to $60,000 in February?",btc_price,BTC,True,False,Yes,,2026-02-06 04:11:13+00:00,3982230.891942
1303400,4000,2026-02-23 17:37:16+00:00,2026-03-01 07:54:05+00:00,0.000999999001000007,0.14300000000000002,4000,5.595011574074074,"Will Bitcoin dip to $55,000 in February?",btc_price,BTC,True,False,No,,2026-03-01 08:12:51+00:00,7296072.016791
1303403,4000,2026-02-21 06:28:46+00:00,2026-03-01 07:24:03+00:00,0.000999999001000007,0.04088749718742968,4000,8.038391203703704,"Will Bitcoin dip to $50,000 in February?",btc_price,BTC,True,False,No,,2026-03-01 08:13:11+00:00,5541582.151593
1303410,4000,2026-02-17 13:44:35+00:00,2026-03-01 06:48:25+00:00,0.000999999001000007,0.014000000084,4000,11.71099537037037,"Will Bitcoin dip to $35,000 in February?",btc_price,BTC,True,False,No,,2026-03-01 08:14:13+00:00,4546147.260758
1345641,4000,2026-02-27 11:06:55+00:00,2026-03-01 08:11:43+00:00,0.000999999001000007,0.012841374288017904,4000,1.8783333333333334,"Will Bitcoin reach $75,000 in February?",btc_price,BTC,True,False,No,,2026-03-01 08:12:09+00:00,7913769.202511
1345680,4000,2026-02-21 21:35:04+00:00,2026-03-01 06:52:37+00:00,0.000999999001000007,0.043,4000,7.3871875,"Will Bitcoin reach $80,000 in February?",btc_price,BTC,True,False,No,,2026-03-01 08:11:49+00:00,4831697.133881
1345690,4000,2026-02-28 06:58:53+00:00,2026-03-01 08:08:37+00:00,0.000999999001000007,0.24,4000,1.0484259259259259,"Will Bitcoin dip to $60,000 in February?",btc_price,BTC,True,False,No,,2026-03-01 08:12:29+00:00,7282065.829222
1473040,4000,2026-03-23 07:11:57+00:00,2026-04-01 07:37:15+00:00,0.001,0.0020000000000000018,4000,9.017569444444444,"Will Bitcoin reach $150,000 in March?",btc_price,BTC,True,False,No,,2026-04-01 07:36:59+00:00,24149352.753224906
1473042,4000,2026-03-24 05:58:13+00:00,2026-04-01 07:33:33+00:00,0.000999999001000007,0.008,4000,8.066203703703703,"Will Ethereum reach $4,000 in March?",eth_price,ETH,True,False,No,,2026-04-01 07:33:05+00:00,6377509.958963935
1473053,4000,2026-03-24 17:18:33+00:00,2026-04-01 02:19:09+00:00,0.000999999001000007,0.0050000000000000044,4000,7.375416666666666,"Will Bitcoin reach $100,000 in March?",btc_price,BTC,True,False,No,,2026-04-01 07:43:15+00:00,4676220.955781978
1473060,4000,2026-03-19 04:00:39+00:00,2026-04-01 07:09:15+00:00,0.001,0.020000000000000018,4000,13.130972222222223,"Will Bitcoin reach $90,000 in March?",btc_price,BTC,True,False,No,,2026-04-01 07:31:47+00:00,5327306.985930001
1473063,4000,2026-03-24 05:19:43+00:00,2026-04-01 07:12:11+00:00,0.000999999001000007,0.031000000000000028,4000,8.078101851851851,"Will Bitcoin reach $85,000 in March?",btc_price,BTC,True,False,No,,2026-04-01 07:30:49+00:00,4542101.699372993
1473066,4000,2026-03-27 03:01:07+00:00,2026-04-01 08:05:07+00:00,0.000999999001000007,0.026572098179213743,4000,5.211111111111111,"Will Bitcoin reach $80,000 in March?",btc_price,BTC,True,False,No,,2026-04-01 08:04:07+00:00,8681375.204627028
1473072,4000,2026-03-28 23:05:02+00:00,2026-03-30 01:00:58+00:00,0.4100000003060743,0.999,4000,1.0805092592592593,"Will Bitcoin dip to $65,000 in March?",btc_price,BTC,True,False,Yes,,2026-03-30 01:00:00+00:00,10122349.055545038
1473074,4000,2026-03-29 12:40:12+00:00,2026-04-01 07:55:45+00:00,0.001,0.10610974228033179,4000,2.802465277777778,"Will Bitcoin dip to $60,000 in March?",btc_price,BTC,True,False,No,,2026-04-01 07:57:23+00:00,7334705.631073961
1473075,4000,2026-03-25 02:06:45+00:00,2026-04-01 07:17:51+00:00,0.000999999001000007,0.039,4000,7.2160416666666665,"Will Bitcoin dip to $55,000 in March?",btc_price,BTC,True,False,No,,2026-04-01 07:30:55+00:00,6531627.931738951
1473078,4000,2026-03-21 15:14:27+00:00,2026-04-01 06:58:45+00:00,0.001,0.032671169403807654,4000,10.655763888888888,"Will Bitcoin dip to $50,000 in March?",btc_price,BTC,True,False,No,,2026-04-01 07:29:49+00:00,4295129.024575023
1500754,4000,2026-05-01 14:41:32+00:00,2026-05-13 23:04:29+00:00,0.9929999999339623,0.999,4000,12.349270833333334,Will Kevin Warsh be confirmed as Fed Chair?,crypto_policy,,False,True,Yes,,2026-05-14 00:04:48+00:00,14412257.808405764
1500755,4000,2026-05-09 18:39:51+00:00,2026-05-14 01:17:27+00:00,0.001,0.00300000000048,4000,4.276111111111111,Will Judy Shelton be confirmed as Fed Chair?,crypto_policy,,False,True,No,,2026-05-14 01:22:23+00:00,23970639.983398777
1500768,4000,2026-04-14 11:39:59+00:00,2026-05-13 20:50:35+00:00,0.001,0.013000000000000012,4000,29.382361111111113,Will Scott Bessent be confirmed as Fed Chair?,crypto_policy,,False,True,No,,2026-05-14 00:14:57+00:00,4678391.943971024
1500770,4000,2026-04-21 18:18:00+00:00,2026-05-14 01:08:30+00:00,0.001,0.016851705016080538,4000,22.285069444444446,Will Michelle Bowman be confirmed as Fed Chair?,crypto_policy,,False,True,No,,2026-05-14 01:20:21+00:00,10611543.693432987
1823769,4000,2026-04-16 17:17:14+00:00,2026-04-30 18:21:46+00:00,0.000999999001000007,0.01100000000000001,4000,14.044814814814815,"Will Bitcoin reach $150,000 in April?",btc_price,BTC,True,False,No,,2026-05-01 06:50:44+00:00,8135250.043078935
1823775,4000,2026-04-24 07:47:52+00:00,2026-05-01 07:12:10+00:00,0.001,0.103,4000,6.975208333333334,"Will Bitcoin reach $85,000 in April?",btc_price,BTC,True,False,No,,2026-05-01 07:15:50+00:00,4603121.743678982
1823776,4000,2026-04-28 05:54:50+00:00,2026-05-01 07:17:26+00:00,0.001,0.94,4000,3.057361111111111,"Will Bitcoin reach $80,000 in April?",btc_price,BTC,True,False,No,,2026-05-01 07:17:54+00:00,8689741.495558972
1823779,4000,2026-04-27 02:12:26+00:00,2026-05-01 07:13:22+00:00,0.001,0.038,4000,4.208981481481482,"Will Bitcoin dip to $65,000 in April?",btc_price,BTC,True,False,No,,2026-05-01 07:12:44+00:00,6778501.9561170135
2007078,3242,2026-04-17 21:49:10+00:00,2026-04-26 22:30:34+00:00,0.001,0.99,3242,9.02875,"Will the price of Bitcoin be above $78,000 on April 24?",btc_price,BTC,True,False,No,,2026-04-27 00:37:56+00:00,4232386.578407002
2132768,4000,2026-05-18 22:21:56+00:00,2026-06-01 06:06:24+00:00,0.001,0.0030000000000000027,4000,13.322546296296297,"Will Bitcoin reach $150,000 in May?",btc_price,BTC,True,False,No,,2026-06-01 06:20:59+00:00,6699688.910269973
2132776,4000,2026-05-23 04:32:00+00:00,2026-06-01 09:06:46+00:00,0.001,0.07799999999999996,4000,9.190810185185185,"Will Bitcoin reach $85,000 in May?",btc_price,BTC,True,False,No,,2026-06-01 09:13:37+00:00,5177595.545592992
2132779,4000,2026-05-24 21:58:03+00:00,2026-06-01 11:23:21+00:00,0.001,0.31999999999999995,4000,7.559236111111111,"Will Bitcoin dip to $70,000 in May?",btc_price,BTC,True,False,No,2026-05-01 14:40:04+00:00,2026-06-01 11:37:35+00:00,3928362.4910249854
2169995,4000,2026-06-03 19:09:55+00:00,2026-06-04 00:35:22+00:00,0.001,0.013000000003751263,4000,0.22600694444444444,"MicroStrategy sells any Bitcoin by May 31, 2026?",microstrategy,MSTR,False,True,No,,2026-06-04 00:34:19+00:00,375813104.55575246
253254,4000,2024-01-03 15:32:01+00:00,2024-01-10 23:54:55+00:00,0.6300000131865837,0.999,4000,7.349236111111111,Bitcoin ETF approved by Jan 15?,crypto_etf,BTC,False,True,Yes,,2024-01-10 23:47:24+00:00,12622418.42
253750,4000,2024-05-16 19:34:00+00:00,2024-05-24 00:16:08+00:00,0.06999999999999995,0.999,4000,7.195925925925926,Ethereum ETF approved by May 31?,crypto_etf,ETH,False,True,Yes,,2024-05-24 00:14:40+00:00,13226512.327129
254576,4000,2024-09-16 06:16:57+00:00,2024-11-08 01:28:11+00:00,0.001,0.092,4000,52.79946759259259,Will Fed cut interest rates 2 times in 2024?,crypto_policy,,False,True,No,,2024-11-08 02:43:42+00:00,3982525.829184
254577,4000,2024-12-06 18:15:58+00:00,2024-12-18 22:28:22+00:00,0.001,0.1498346,4000,12.175277777777778,Will Fed cut interest rates 3 times in 2024?,crypto_policy,,False,True,No,,2024-12-18 22:30:02+00:00,8337156.91915808
254578,4000,2024-12-08 02:00:44+00:00,2024-12-18 22:17:50+00:00,0.833,0.999,4000,10.845208333333334,Will Fed cut interest rates 4 times in 2024?,crypto_policy,,False,True,Yes,,2024-12-18 22:29:52+00:00,6812524.970527
254579,4000,2024-11-14 12:51:05+00:00,2024-12-18 21:20:28+00:00,0.001,0.027000000000000024,4000,34.353738425925926,Will Fed cut interest rates 5 times in 2024?,crypto_policy,,False,True,No,,2024-12-18 22:09:10+00:00,6683117.51304494
254580,4000,2024-11-25 14:42:18+00:00,2024-12-18 17:37:44+00:00,0.001,0.0050000000000000044,4000,23.121828703703702,Will Fed cut interest rates 6+ times in 2024?,crypto_policy,,False,True,No,,2024-12-18 22:09:14+00:00,20169086.258574
255229,4000,2024-12-04 11:37:43+00:00,2024-12-05 04:49:26+00:00,0.609,0.999000000999,4000,0.7164699074074075,Will Bitcoin hit $100k in 2024?,btc_price,BTC,True,False,Yes,,2024-12-05 04:46:26+00:00,22807235.891544
255322,4000,2024-12-28 05:24:42+00:00,2025-01-01 06:28:27+00:00,0.000999999001000007,0.0040000000000000036,4000,4.044270833333333,Will Bitcoin hit $250k in 2024?,btc_price,BTC,True,False,No,,2025-01-01 07:37:40+00:00,9422713.94942905
255335,4000,2024-08-18 11:23:16+00:00,2024-09-18 20:05:50+00:00,0.928,0.999,4000,31.36289351851852,Fed rate cut by September 18?,crypto_policy,,False,True,Yes,,2024-09-18 20:17:10+00:00,20345317.826273
502128,4000,2024-12-28 04:18:20+00:00,2025-01-01 06:38:37+00:00,0.000999999001000007,0.005829753086419753,4000,4.097418981481481,Will Ethereum hit $10k in 2024?,eth_price,ETH,True,False,No,,2025-01-01 07:32:50+00:00,7059606.46183396
504069,4000,2024-09-16 14:41:37+00:00,2024-09-18 21:07:34+00:00,0.32305437015963334,0.999000000999,4000,2.2680208333333334,Fed decreases interest rates by 50+ bps after September 2024 meeting?,crypto_policy,,False,True,Yes,,2024-09-18 21:09:08+00:00,10906333.42219
504070,4000,2024-09-15 14:37:36+00:00,2024-09-18 21:09:44+00:00,0.001,0.6869999893652398,4000,3.272314814814815,Fed decreases interest rates by 25 bps after September 2024 meeting?,crypto_policy,,False,True,No,,2024-09-18 21:24:56+00:00,6660914.249885
504071,4000,2024-09-15 14:41:55+00:00,2024-09-18 21:13:16+00:00,0.001,0.020000000000000018,4000,3.2717708333333335,No change in Fed interest rates after 2024 September meeting?,crypto_policy,,False,True,No,,2024-09-18 21:14:22+00:00,23499210.730061
504072,4000,2024-09-06 02:43:19+00:00,2024-09-18 21:03:00+00:00,0.001,0.009000000018574109,4000,12.763668981481482,Fed increases interest rates by 25+ bps after September 2024 meeting?,crypto_policy,,False,True,No,,2024-09-18 21:25:00+00:00,17625581.465252
504490,4000,2024-11-01 07:30:57+00:00,2024-11-07 22:40:00+00:00,0.000999999001000007,0.6145888097957843,4000,6.631284722222222,Fed decreases interest rates by 75+ bps after November 2024 meeting?,crypto_policy,,False,True,No,,2024-11-07 22:49:58+00:00,15031954.754479
504491,4000,2024-11-02 16:39:38+00:00,2024-11-07 22:40:12+00:00,0.001,0.053000000009275,4000,5.250393518518519,Fed decreases interest rates by 50 bps after November 2024 meeting?,crypto_policy,,False,True,No,,2024-11-07 22:54:46+00:00,8393267.791414
504492,4000,2024-10-31 14:45:54+00:00,2024-11-07 22:54:16+00:00,0.82,0.999,4000,7.339143518518519,Fed decreases interest rates by 25 bps after November 2024 meeting?,crypto_policy,,False,True,Yes,,2024-11-07 23:00:02+00:00,5010507.074128
504493,4000,2024-10-28 16:00:36+00:00,2024-11-07 22:41:18+00:00,0.001,0.12,4000,10.278263888888889,No change in Fed interest rates after 2024 November meeting?,crypto_policy,,False,True,No,,2024-11-07 22:49:52+00:00,7995206.758932
504494,4000,2024-11-03 04:35:16+00:00,2024-11-07 22:40:36+00:00,0.001,0.00797468553582807,4000,4.753703703703704,Fed increases interest rates by 25+ bps after November 2024 meeting?,crypto_policy,,False,True,No,,2024-11-07 22:44:32+00:00,133955589.249666
504584,4000,2024-12-12 01:57:29+00:00,2024-12-18 21:48:26+00:00,0.000999999001000007,0.00600000024000001,4000,6.8270486111111115,Fed decreases interest rates by 75+ bps after December 2024 meeting?,crypto_policy,,False,True,No,,2024-12-18 22:24:42+00:00,13304399.0156328
504585,4000,2024-12-16 09:37:24+00:00,2024-12-18 20:41:20+00:00,0.001,0.010000000000000009,4000,2.4610648148148146,Fed decreases interest rates by 50 bps after December 2024 meeting?,crypto_policy,,False,True,No,,2024-12-18 22:24:36+00:00,9192309.53167407
504586,4000,2024-12-16 05:28:17+00:00,2024-12-18 22:33:26+00:00,0.948,0.999,4000,2.7119097222222224,Fed decreases interest rates by 25 bps after December 2024 meeting?,crypto_policy,,False,True,Yes,,2024-12-18 22:29:48+00:00,7490697.06615098
504587,4000,2024-12-12 12:12:17+00:00,2024-12-18 22:17:46+00:00,0.001,0.08641313227558452,4000,6.420474537037037,No change in Fed interest rates after December 2024 meeting?,crypto_policy,,False,True,No,,2024-12-18 22:34:40+00:00,7400313.75189
504588,4000,2024-11-30 19:09:01+00:00,2024-12-18 21:52:18+00:00,0.001,0.009851144593071896,4000,18.113391203703703,Fed increases interest rates by 25+ bps after December 2024 meeting?,crypto_policy,,False,True,No,,2024-12-18 22:34:46+00:00,10228496.464075
507418,4000,2024-11-03 05:48:18+00:00,2024-11-07 22:55:56+00:00,0.001,0.0040000000000000036,4000,4.713634259259259,Will the FED change rates to another level after Nov meeting?,crypto_policy,,False,True,No,,2024-11-07 22:54:40+00:00,19150629.538967
507419,4000,2024-12-07 14:04:02+00:00,2024-12-18 22:10:40+00:00,0.001,0.0040000000000000036,4000,11.337939814814815,Will the FED change rates to another level after December meeting?,crypto_policy,,False,True,No,,2024-12-18 22:29:58+00:00,11155452.805379
510854,4000,2024-12-10 10:23:22+00:00,2024-12-11 23:18:47+00:00,0.000999999001000007,0.14,4000,1.5384837962962963,MSFT shareholders vote for Bitcoin investment? ,crypto_policy,,False,True,No,,2024-12-11 23:24:09+00:00,7603059.085456
511534,4000,2024-11-24 12:33:22+00:00,2024-11-25 13:02:45+00:00,0.445,0.999000000000999,4000,1.0204050925925925,"Will Ethereum reach $3,500 in November?",eth_price,ETH,True,False,Yes,,2024-11-25 13:07:25+00:00,4605195.095946
511582,4000,2024-11-12 09:46:47+00:00,2024-11-13 16:45:45+00:00,0.6,0.999,4000,1.290949074074074,"Will Bitcoin reach $90,000 in November?",btc_price,BTC,True,False,Yes,,2024-11-13 16:42:43+00:00,6310335.340742
512250,4000,2025-04-04 17:42:09+00:00,2025-04-30 05:57:47+00:00,0.001,0.15953495275781648,4000,25.510856481481483,Will Trump create Bitcoin reserve in first 100 days?,crypto_policy,,False,True,No,,2025-04-30 06:00:51+00:00,23324353.367396
512320,4000,2025-01-19 08:51:31+00:00,2025-01-29 22:37:50+00:00,0.000999999526540285,0.00415573053226554,4000,10.573831018518518,Fed decreases interest rates by 75+ bps after January 2025 meeting?,crypto_policy,,False,True,No,,2025-01-29 22:53:06+00:00,48840781.093981
512321,4000,2025-01-23 10:05:15+00:00,2025-01-29 23:00:30+00:00,0.0009995421739863453,0.008833366927518016,4000,6.538368055555556,Fed decreases interest rates by 50 bps after January 2025 meeting?,crypto_policy,,False,True,No,,2025-01-29 22:57:56+00:00,42815445.766141
512323,4000,2025-01-22 21:40:27+00:00,2025-01-29 22:20:36+00:00,0.001,0.04300000005248266,4000,7.027881944444444,Fed decreases interest rates by 25 bps after January 2025 meeting?,crypto_policy,,False,True,No,,2025-01-29 23:03:10+00:00,21247359.999879
512324,4000,2025-01-26 13:32:15+00:00,2025-01-29 22:46:58+00:00,0.95,0.999,4000,3.385219907407407,No change in Fed interest rates after January 2025 meeting?,crypto_policy,,False,True,Yes,,2025-01-29 23:03:08+00:00,21033386.279391
512325,4000,2025-01-26 02:34:10+00:00,2025-01-29 22:26:32+00:00,4.2115122533825655e-07,0.0160060631035017,4000,3.8280324074074072,Fed increases interest rates by 25+ bps after January 2025 meeting?,crypto_policy,,False,True,No,,2025-01-29 22:53:00+00:00,56978076.059909
512600,4000,2024-11-29 19:02:15+00:00,2024-12-01 07:17:53+00:00,0.001,0.18999999999999995,4000,1.5108564814814816,Will Bitcoin hit $100k in November?,btc_price,BTC,True,False,No,,2024-12-01 07:15:21+00:00,28587434.430255
512649,4000,2024-11-20 18:55:05+00:00,2024-11-21 05:37:17+00:00,0.05916803699834539,0.999,4000,0.4459722222222222,"Will Bitcoin reach $95,000 in November?",btc_price,BTC,True,False,Yes,,2024-11-21 05:35:49+00:00,7758070.262013
512660,4000,2024-11-30 13:36:30+00:00,2024-12-01 07:17:39+00:00,0.001,0.6699999999999999,4000,0.7369097222222222,"Will Ethereum reach $3,750 in November?",eth_price,ETH,True,False,No,,2024-12-01 07:20:27+00:00,6198332.729911
512662,4000,2024-11-26 22:51:48+00:00,2024-12-01 06:53:45+00:00,0.001,0.12771707789143028,4000,4.3346875,"Will Bitcoin reach $105,000 in November?",btc_price,BTC,True,False,No,,2024-12-01 07:15:01+00:00,8039368.329515
513499,4000,2024-11-22 22:47:16+00:00,2024-11-23 07:02:35+00:00,0.001,0.26,4000,0.3439699074074074,Will Bitcoin hit $100k today?,btc_price,BTC,True,False,No,,2024-11-23 07:00:23+00:00,9846390.507191
513705,4000,2024-11-23 15:22:30+00:00,2024-11-24 07:02:17+00:00,0.001,0.14,4000,0.6526273148148148,Will Bitcoin hit $100k today?,btc_price,BTC,True,False,No,,2024-11-24 07:02:19+00:00,4031270.502728
513706,4000,2024-11-24 04:46:37+00:00,2024-11-25 07:04:49+00:00,0.001,0.30945160577238917,4000,1.0959722222222221,Will Bitcoin hit $100k by Sunday?,btc_price,BTC,True,False,No,,2024-11-25 07:03:15+00:00,4291530.897645
513709,4000,2024-11-25 10:10:22+00:00,2024-11-29 19:22:01+00:00,0.001,0.42000000000000004,4000,4.383090277777778,"Bitcoin above $100,000 on November 29?",btc_price,BTC,True,False,No,,2024-11-29 19:18:49+00:00,4523995.670607
514215,4000,2024-12-06 03:35:07+00:00,2024-12-06 19:19:31+00:00,0.45152065098155314,0.999,4000,0.6558333333333334,"Bitcoin above $98,000 on December 6?",btc_price,BTC,True,False,Yes,,2024-12-06 19:24:58+00:00,10177786.150918
514251,3752,2024-11-27 20:57:50+00:00,2024-12-02 07:10:26+00:00,0.001,0.53,3752,4.425416666666667,Will Bitcoin hit $100k by Sunday?,btc_price,BTC,True,False,No,,2024-12-02 07:08:02+00:00,4426146.357732
514368,4000,2024-12-23 14:47:43+00:00,2025-01-01 07:24:24+00:00,0.000999999001000007,0.2,4000,8.692141203703704,"Will Bitcoin reach $110,000 in December?",btc_price,BTC,True,False,No,,2025-01-01 07:22:12+00:00,10676794.972932
514369,4000,2024-12-19 09:18:21+00:00,2025-01-01 06:36:29+00:00,0.000999999001000007,0.14,4000,12.887592592592593,"Will Bitcoin reach $120,000 in December?",btc_price,BTC,True,False,No,,2025-01-01 07:32:46+00:00,5031605.044538
514370,4000,2024-12-26 16:56:06+00:00,2025-01-01 07:31:16+00:00,0.000999999001000007,0.009523809523809525,4000,5.607754629629629,"Will Bitcoin reach $130,000 in December?",btc_price,BTC,True,False,No,,2025-01-01 07:32:34+00:00,6174845.90904198
514371,4000,2024-12-30 01:25:44+00:00,2025-01-01 07:28:00+00:00,0.001,0.5486896416169822,4000,2.251574074074074,"Will Bitcoin reach $90,000 in December?",btc_price,BTC,True,False,No,,2025-01-01 07:27:22+00:00,8400868.19698
514949,4000,2024-12-13 09:12:15+00:00,2024-12-13 19:08:56+00:00,0.37,0.999,4000,0.4143634259259259,"Bitcoin above $100,000 on December 13?",btc_price,BTC,True,False,Yes,,2024-12-13 19:06:44+00:00,7211697.798539
515502,4000,2025-03-20 17:28:52+00:00,2025-04-01 08:00:20+00:00,0.000999999001000007,0.0020000000000000018,4000,11.605185185185185,"Will Bitcoin reach $200,000 by March 31?",btc_price,BTC,True,False,No,,2025-04-01 08:01:20+00:00,6211260.142575
515503,4000,2025-03-25 05:06:20+00:00,2025-04-01 07:47:34+00:00,0.000999999001000007,0.003000000012,4000,7.111967592592593,"Will Bitcoin reach $150,000 by March 31?",btc_price,BTC,True,False,No,,2025-04-01 07:51:30+00:00,4273926.841544
515505,4000,2025-03-27 06:13:29+00:00,2025-04-01 07:30:16+00:00,0.000999999001000007,0.0050000000000000044,4000,5.053321759259259,"Will Bitcoin reach $120,000 by March 31?",btc_price,BTC,True,False,No,,2025-04-01 07:51:34+00:00,4250183.439874
515506,4000,2025-03-26 10:49:23+00:00,2025-04-01 07:12:26+00:00,0.000999999001000007,0.007000000000000006,4000,5.849340277777777,"Will Bitcoin reach $110,000 by March 31?",btc_price,BTC,True,False,No,,2025-04-01 07:46:38+00:00,6976571.855402
515539,4000,2024-12-19 20:30:31+00:00,2024-12-20 19:11:53+00:00,0.001,0.35,4000,0.9453935185185185,"Bitcoin above $100,000 on December 20?",btc_price,BTC,True,False,No,,2024-12-20 19:09:29+00:00,10202409.081955
515557,4000,2025-03-23 23:27:10+00:00,2025-04-01 07:50:42+00:00,0.000999999001000007,0.04585714285714286,4000,8.349675925925926,"Will Bitcoin dip to $70,000 by March 31?",btc_price,BTC,True,False,No,,2025-04-01 07:51:54+00:00,5033087.295531
516008,4000,2025-03-14 08:39:58+00:00,2025-03-19 21:27:21+00:00,0.000999999001000007,0.012085853877378568,4000,5.532905092592593,Fed decreases interest rates by 50+ bps after March 2025 meeting?,crypto_policy,,False,True,No,,2025-03-19 21:31:55+00:00,22150914.603213
516009,4000,2025-03-16 11:23:02+00:00,2025-03-19 21:38:19+00:00,0.001,0.014000000280000006,4000,3.427280092592593,Fed decreases interest rates by 25 bps after March 2025 meeting?,crypto_policy,,False,True,No,,2025-03-19 21:36:45+00:00,17180913.164155
516010,4000,2025-03-17 13:25:53+00:00,2025-03-19 21:26:57+00:00,0.9849999997478992,0.999,4000,2.334074074074074,No change in Fed interest rates after March 2025 meeting?,crypto_policy,,False,True,Yes,,2025-03-19 21:31:51+00:00,17161804.938166
516011,4000,2025-03-11 08:43:14+00:00,2025-03-19 20:13:14+00:00,0.001,0.0030000000054545453,4000,8.479166666666666,Fed increases interest rates by 25+ bps after March 2025 meeting?,crypto_policy,,False,True,No,,2025-03-19 21:31:45+00:00,21544318.532625
516117,4000,2024-12-26 22:32:16+00:00,2024-12-27 19:09:27+00:00,0.000999999001000007,0.5748706149420706,4000,0.8591550925925926,"Bitcoin above $97,000 on December 27?",btc_price,BTC,True,False,No,,2024-12-27 19:06:43+00:00,5824195.27295
516349,4000,2024-12-30 11:40:26+00:00,2025-01-01 07:50:34+00:00,0.0009999991008998732,0.12297646161015596,4000,1.8403703703703704,Will Bitcoin hit $100k again in 2024?,btc_price,BTC,True,False,No,,2025-01-01 07:48:08+00:00,6225944.470833
516498,4000,2025-01-02 13:17:11+00:00,2025-01-03 19:35:01+00:00,0.8,0.999000000999,4000,1.2623842592592593,"Bitcoin above $94,000 on January 3?",btc_price,BTC,True,False,Yes,,2025-01-03 19:31:47+00:00,5987591.33862
516729,4000,2025-08-20 06:25:13+00:00,2025-12-10 19:00:16+00:00,0.001,0.019,4000,112.52434027777778,Will 8+ Fed rate cuts happen in 2025?,crypto_policy,,False,True,No,,2025-12-10 22:17:52+00:00,3970078.575117
516730,4000,2025-08-08 02:22:51+00:00,2025-12-10 19:00:14+00:00,0.001,0.008000000000000007,4000,124.69262731481481,Will 7 Fed rate cuts happen in 2025?,crypto_policy,,False,True,No,,2025-12-10 22:18:50+00:00,6045992.73764
516861,4000,2025-12-24 10:56:41+00:00,2026-01-01 07:05:25+00:00,0.000999999001000007,0.010000000000000009,4000,7.839398148148148,"Will Bitcoin reach $1,000,000 by December 31, 2025?",btc_price,BTC,True,False,No,,2026-01-01 07:20:31+00:00,31394607.518008
516862,4000,2025-12-26 07:01:45+00:00,2026-01-01 02:11:43+00:00,0.000999999001000007,0.36,4000,5.798587962962963,"Will Bitcoin reach $250,000 by December 31, 2025?",btc_price,BTC,True,False,No,,2026-01-01 07:20:29+00:00,15857522.578687
516863,4000,2025-12-24 16:39:13+00:00,2026-01-01 03:58:21+00:00,0.000999999001000007,0.010000000000000009,4000,7.4716203703703705,"Will Bitcoin reach $200,000 by December 31, 2025?",btc_price,BTC,True,False,No,,2026-01-01 07:16:21+00:00,19275707.736605
516864,4000,2025-12-24 18:48:51+00:00,2026-01-01 05:17:29+00:00,0.000999999001000007,0.399,4000,7.436550925925926,"Will Bitcoin reach $150,000 by December 31, 2025?",btc_price,BTC,True,False,No,,2026-01-01 07:20:27+00:00,16414060.383217
516865,4000,2025-12-10 08:26:28+00:00,2026-01-01 06:09:25+00:00,0.000999999001000007,0.018000000180000003,4000,21.90482638888889,"Will Bitcoin reach $130,000 by December 31, 2025?",btc_price,BTC,True,False,No,,2026-01-01 07:19:25+00:00,13211425.234841
516871,4000,2025-12-17 16:35:48+00:00,2026-01-01 02:50:29+00:00,0.000999999001000007,0.074,4000,14.426863425925927,"Will Bitcoin dip to $70,000 by December 31, 2025?",btc_price,BTC,True,False,No,,2026-01-01 07:17:23+00:00,8605610.758506
516872,4000,2025-12-10 14:30:34+00:00,2026-01-01 06:29:33+00:00,0.000999999001000007,0.05800000000000005,4000,21.665960648148147,"Will Bitcoin dip to $50,000 by December 31, 2025?",btc_price,BTC,True,False,No,,2026-01-01 07:17:23+00:00,4969076.583099
516873,4000,2025-12-16 23:21:25+00:00,2026-01-01 01:22:13+00:00,0.000999999001000007,0.010000000000000009,4000,15.08388888888889,"Will Bitcoin dip to $20,000 by December 31, 2025?",btc_price,BTC,True,False,No,,2026-01-01 07:15:17+00:00,4003570.185958
516874,4000,2025-12-15 18:01:43+00:00,2026-01-01 01:06:59+00:00,0.000999999001000007,0.1682114149784667,4000,16.295324074074074,"Will Ethereum hit $10,000 by December 31?",eth_price,ETH,True,False,No,,2026-01-01 07:18:23+00:00,9488801.522718
516875,4000,2025-11-22 13:19:39+00:00,2025-12-31 18:12:15+00:00,0.000999999001000007,0.019000000000000017,4000,39.20319444444444,"Will Ethereum hit $8,000 by December 31?",eth_price,ETH,True,False,No,,2026-01-01 07:18:21+00:00,5745770.448967
516876,4000,2025-11-21 20:23:05+00:00,2025-12-31 20:34:29+00:00,0.000999999001000007,0.02200000000000002,4000,40.00791666666667,"Will Ethereum hit $7,000 by December 31?",eth_price,ETH,True,False,No,,2026-01-01 07:15:19+00:00,7570762.533718
516877,4000,2025-11-23 21:52:59+00:00,2025-12-31 13:13:13+00:00,0.000999999001000007,0.02400000000000002,4000,37.63905092592593,"Will Ethereum hit $6,000 by December 31?",eth_price,ETH,True,False,No,,2026-01-01 07:18:21+00:00,9995564.195892
516878,4000,2025-12-14 05:42:37+00:00,2026-01-01 04:55:07+00:00,0.000999999001000007,0.022000000002993847,4000,17.96701388888889,"Will Ethereum hit $5,000 by December 31?",eth_price,ETH,True,False,No,,2026-01-01 07:18:23+00:00,18467737.400303
516926,4000,2025-12-25 23:37:05+00:00,2026-01-05 04:21:09+00:00,0.000999999001000007,0.5510001481700992,4000,10.197268518518518,MicroStrategy sells any Bitcoin in 2025?,microstrategy,MSTR,False,True,No,,2026-01-05 04:22:25+00:00,17976157.529867
516937,4000,2025-10-13 17:56:31+00:00,2026-01-01 06:47:25+00:00,0.001,0.1238095187981859,4000,79.53534722222223,US national Bitcoin reserve in 2025?,crypto_policy,,False,True,No,,2026-01-01 08:31:59+00:00,5526758.797978
517077,4000,2025-01-27 07:11:20+00:00,2025-02-01 07:24:09+00:00,0.000999999001000007,0.0040000000000000036,4000,5.008900462962963,"Will Bitcoin reach $200,000 by January 31, 2025?",btc_price,BTC,True,False,No,,2025-02-01 07:43:01+00:00,3926310.991195
517081,4000,2025-01-22 20:05:55+00:00,2025-02-01 07:38:43+00:00,0.000999999001000007,0.21999999999999997,4000,9.481111111111112,"Will Bitcoin reach $120,000 by January 31, 2025?",btc_price,BTC,True,False,No,,2025-02-01 07:47:45+00:00,5387416.836463
517082,4000,2025-01-30 07:32:42+00:00,2025-02-01 07:22:55+00:00,0.000999999001000007,0.26,4000,1.9932060185185185,"Will Bitcoin reach $110,000 by January 31, 2025?",btc_price,BTC,True,False,No,,2025-02-01 07:43:13+00:00,8061597.738611
517192,4000,2025-01-10 07:05:50+00:00,2025-01-10 18:52:30+00:00,0.001,0.11957832266860441,4000,0.49074074074074076,"Bitcoin above $97,000 on January 10?",btc_price,BTC,True,False,No,,2025-01-10 19:02:51+00:00,8846664.201678
519027,4000,2025-01-23 20:17:10+00:00,2025-01-24 19:07:17+00:00,0.45999999999999996,0.999000000999,4000,0.9514699074074074,"Bitcoin above $103,000 on January 24?",btc_price,BTC,True,False,Yes,,2025-01-24 19:04:49+00:00,6959870.453636
519040,4000,2025-01-24 10:00:38+00:00,2025-01-24 19:06:29+00:00,0.001,0.719999985599996,4000,0.3790625,"Ethereum above $3,400 on January 24?",eth_price,ETH,True,False,No,,2025-01-24 19:04:53+00:00,6209816.038245
519776,4000,2025-04-30 14:38:56+00:00,2025-05-07 20:17:08+00:00,0.001,0.008000000000000007,4000,7.234861111111111,Fed decreases interest rates by 50+ bps after May 2025 meeting?,crypto_policy,,False,True,No,,2025-05-07 22:33:12+00:00,22089574.500042
519777,4000,2025-05-05 02:15:50+00:00,2025-05-07 22:20:08+00:00,0.001,0.027066215550221095,4000,2.8363194444444444,Fed decreases interest rates by 25 bps after May 2025 meeting?,crypto_policy,,False,True,No,,2025-05-07 22:33:14+00:00,21653201.774564
519778,4000,2025-05-03 21:25:40+00:00,2025-05-07 21:18:36+00:00,0.9739999999584,0.999000000000999,4000,3.9950925925925924,No change in Fed interest rates after May 2025 meeting?,crypto_policy,,False,True,Yes,,2025-05-07 21:17:32+00:00,20629387.641397
519784,4000,2025-04-25 08:20:26+00:00,2025-05-07 22:34:12+00:00,0.001,0.0070000000038888885,4000,12.592893518518519,Fed increases interest rates by 25+ bps after May 2025 meeting?,crypto_policy,,False,True,No,,2025-05-07 22:33:14+00:00,24000661.535559
519870,4000,2025-01-31 13:37:52+00:00,2025-01-31 19:25:29+00:00,0.15,0.999,4000,0.24140046296296297,"Bitcoin above $105,000 on January 31?",btc_price,BTC,True,False,Yes,,2025-01-31 19:23:10+00:00,8422456.623766
519871,4000,2025-01-30 19:50:00+00:00,2025-01-31 19:21:00+00:00,0.020000000000000018,0.999,4000,0.9798611111111111,"Ethereum above $3,400 on January 31?",eth_price,ETH,True,False,Yes,,2025-01-31 19:18:29+00:00,4931220.50609
520930,4000,2025-10-23 08:20:23+00:00,2026-01-01 06:32:25+00:00,0.000999999001000007,0.04898852414428805,4000,69.92502314814814,Jerome Powell out as Fed Chair in 2025?,crypto_policy,,False,True,No,,2026-01-01 08:35:53+00:00,11760101.336012
521147,4000,2025-02-06 14:02:29+00:00,2025-02-07 19:39:26+00:00,0.000999999001000007,0.049000000000000044,4000,1.2339930555555556,"Bitcoin above $105,000 on February 7?",btc_price,BTC,True,False,No,,2025-02-07 19:36:30+00:00,5129860.818647
521164,4000,2025-02-19 10:12:48+00:00,2025-02-25 10:43:01+00:00,0.06954169318905155,0.999,4000,6.020983796296297,"Will Bitcoin dip to $90,000 by February 28, 2025?",btc_price,BTC,True,False,Yes,,2025-02-25 10:43:03+00:00,4420019.415421
521165,4000,2025-02-25 14:47:10+00:00,2025-02-26 22:13:54+00:00,0.20099999999999996,0.999,4000,1.3102314814814815,"Will Bitcoin dip to $85,000 by February 28, 2025?",btc_price,BTC,True,False,Yes,,2025-02-26 22:20:22+00:00,4737626.787572
521166,4000,2025-02-25 18:03:40+00:00,2025-03-01 06:51:13+00:00,0.001,0.42899999773488,4000,3.5330208333333335,"Will Bitcoin dip to $75,000 by February 28, 2025?",btc_price,BTC,True,False,No,,2025-03-01 07:10:13+00:00,4827244.359446
521834,4000,2025-06-09 11:06:52+00:00,2025-06-18 20:55:00+00:00,0.001,0.006000000060000001,4000,9.408425925925926,Fed decreases interest rates by 50+ bps after June 2025 meeting?,crypto_policy,,False,True,No,,2025-06-18 21:09:10+00:00,29564378.908894
521835,4000,2025-06-11 15:55:44+00:00,2025-06-18 21:10:24+00:00,0.001,0.029519291133333334,4000,7.218518518518518,Fed decreases interest rates by 25 bps after June 2025 meeting?,crypto_policy,,False,True,No,,2025-06-18 21:18:42+00:00,22347675.300958
521836,4000,2025-06-15 12:05:07+00:00,2025-06-18 21:15:16+00:00,0.974,0.999,4000,3.382048611111111,No change in Fed interest rates after June 2025 meeting?,crypto_policy,,False,True,Yes,,2025-06-18 21:18:38+00:00,28071372.791282
521837,4000,2025-06-03 10:05:34+00:00,2025-06-18 18:27:04+00:00,0.001,0.003000000003,4000,15.348263888888889,Fed increases interest rates by 25+ bps after June 2025 meeting?,crypto_policy,,False,True,No,,2025-06-18 21:09:10+00:00,26912558.981079
522036,4000,2025-02-14 12:19:51+00:00,2025-02-14 20:17:34+00:00,0.037594758649195495,0.999,4000,0.33174768518518516,"Bitcoin above $97,000 on February 14?",btc_price,BTC,True,False,Yes,,2025-02-14 20:15:05+00:00,10056695.402617
522037,4000,2025-02-13 14:11:11+00:00,2025-02-14 20:15:45+00:00,0.17,0.999,4000,1.2531712962962962,"Ethereum above $2,700 on February 14?",eth_price,ETH,True,False,Yes,,2025-02-14 20:15:11+00:00,5217482.832123
523483,4000,2025-02-20 17:39:59+00:00,2025-02-21 20:38:03+00:00,0.6062651,0.999,4000,1.1236574074074075,"Bitcoin above $97,000 on February 21?",btc_price,BTC,True,False,Yes,,2025-02-21 20:36:30+00:00,6418927.421659
523484,4000,2025-02-20 09:49:54+00:00,2025-02-21 20:29:52+00:00,0.20040747999999997,0.999,4000,1.4444212962962963,"Ethereum above $2,700 on February 21?",eth_price,ETH,True,False,Yes,,2025-02-21 20:36:10+00:00,4780243.935768
526067,4000,2025-03-05 21:36:23+00:00,2025-03-07 19:19:29+00:00,0.6,0.999,4000,1.9049305555555556,"Bitcoin above $84,000 on March 7?",btc_price,BTC,True,False,Yes,,2025-03-07 19:23:33+00:00,6513649.365194
526068,4000,2025-03-05 20:28:43+00:00,2025-03-07 19:22:25+00:00,0.001,0.5700000000000001,4000,1.9539583333333332,"Ethereum above $2,300 on March 7?",eth_price,ETH,True,False,No,,2025-03-07 19:23:23+00:00,4345803.661636
526179,4000,2025-03-25 16:08:24+00:00,2025-04-01 07:39:16+00:00,0.000999999001000007,0.13089094261019463,4000,6.646435185185185,"Will Bitcoin dip to $75,000 by March 31?",btc_price,BTC,True,False,No,,2025-04-01 07:51:10+00:00,4097021.610682
526842,761,2025-03-05 01:03:11+00:00,2025-03-17 00:23:59+00:00,0.32999999999999996,0.999000000999,761,11.972777777777777,Will Fed end QT before May?,crypto_policy,,False,True,Yes,,2025-03-17 00:23:49+00:00,6253067.825541
528972,4000,2025-07-27 23:06:57+00:00,2025-07-30 21:21:01+00:00,0.001,0.011699597887137139,3999,2.926435185185185,Fed decreases interest rates by 50+ bps after July 2025 meeting?,crypto_policy,,False,True,No,,2025-07-30 21:08:11+00:00,40912544.015545
528973,4000,2025-07-27 14:03:43+00:00,2025-07-30 21:20:33+00:00,0.001,0.047,4000,3.3033564814814813,Fed decreases interest rates by 25 bps after July 2025 meeting?,crypto_policy,,False,True,No,,2025-07-30 21:07:17+00:00,23551704.395621
528974,4000,2025-07-28 18:37:27+00:00,2025-07-30 21:17:39+00:00,0.96099999998323,0.999,4000,2.11125,No change in Fed interest rates after July 2025 meeting?,crypto_policy,,False,True,Yes,,2025-07-30 21:10:09+00:00,28670116.640169
528975,4000,2025-07-21 21:06:07+00:00,2025-07-30 19:55:59+00:00,0.001,0.0020000000000000018,4000,8.951296296296297,Fed increases interest rates by 25+ bps after July 2025 meeting?,crypto_policy,,False,True,No,,2025-07-30 21:09:13+00:00,43479262.352112
532807,4000,2025-04-25 22:51:53+00:00,2025-05-01 07:34:19+00:00,0.001,0.234,4000,5.362800925925926,Will Bitcoin reach $100k in April?,btc_price,BTC,True,False,No,,2025-05-01 07:39:27+00:00,5083115.723805
540401,4000,2025-05-25 23:05:24+00:00,2025-05-31 17:18:14+00:00,0.001,0.0030000000000000027,4000,5.758912037037037,Will Bitcoin reach $200k in May?,btc_price,BTC,True,False,No,,2025-06-01 07:51:05+00:00,4586719.352159
540403,4000,2025-05-21 17:59:22+00:00,2025-06-01 05:35:01+00:00,0.000999999001000007,0.14911190941385433,4000,10.483090277777778,Will Bitcoin reach $125k in May?,btc_price,BTC,True,False,No,,2025-06-01 07:25:53+00:00,4863907.519751
540404,4000,2025-05-25 07:44:01+00:00,2025-06-01 07:27:55+00:00,0.000999999001000007,0.44999999999999996,4000,6.988819444444444,Will Bitcoin reach $115k in May?,btc_price,BTC,True,False,No,,2025-06-01 07:51:11+00:00,4748065.896106
540405,4000,2025-05-13 19:39:47+00:00,2025-05-22 03:56:30+00:00,0.31000000000000005,0.999,4000,8.34494212962963,Will Bitcoin reach $110k in May?,btc_price,BTC,True,False,Yes,,2025-05-22 03:54:56+00:00,3962389.896499
540408,4000,2025-05-23 14:00:52+00:00,2025-06-01 06:10:57+00:00,0.0009999991008998732,0.0448885,4000,8.673668981481482,Will Bitcoin dip to $90k in May?,btc_price,BTC,True,False,No,,2025-06-01 07:25:55+00:00,8925263.984326
542537,4000,2025-09-17 10:06:00+00:00,2025-09-17 21:24:02+00:00,0.001,0.23399999232479987,4000,0.47085648148148146,Fed decreases interest rates by 50+ bps after September 2025 meeting?,crypto_policy,,False,True,No,,2025-09-17 21:27:38+00:00,49890284.071409
542538,4000,2025-09-17 05:54:56+00:00,2025-09-17 21:08:30+00:00,0.89,0.999,4000,0.6344212962962963,Fed decreases interest rates by 25 bps after September 2025 meeting?,crypto_policy,,False,True,Yes,,2025-09-17 21:08:44+00:00,36329925.673244
542539,4000,2025-09-17 07:33:46+00:00,2025-09-17 21:20:14+00:00,0.001,0.05742574275051466,4000,0.5739351851851852,No change in Fed interest rates after September 2025 meeting?,crypto_policy,,False,True,No,,2025-09-17 21:27:42+00:00,67368762.49652
542540,4000,2025-09-14 10:08:00+00:00,2025-09-17 19:56:00+00:00,0.000999999001000007,0.003000000012,4000,3.408333333333333,Fed increases interest rates by 25+ bps after September 2025 meeting?,crypto_policy,,False,True,No,,2025-09-17 21:26:38+00:00,67002488.50419
548614,4000,2025-06-24 03:45:39+00:00,2025-07-01 22:57:00+00:00,0.000999999001000007,0.006000000000000005,4000,7.799548611111111,Will Bitcoin reach $150K in June?,btc_price,BTC,True,False,No,,2025-07-02 00:44:21+00:00,3930132.868387
548615,4000,2025-06-21 16:23:05+00:00,2025-07-01 08:36:55+00:00,0.000999999001000007,0.0519999993994,4000,9.676273148148148,Will Bitcoin reach $120K in June?,btc_price,BTC,True,False,No,,2025-07-01 08:49:19+00:00,4400436.534948
548616,4000,2025-06-20 23:42:37+00:00,2025-07-01 07:10:43+00:00,0.000999999001000007,0.175,4000,10.311180555555556,Will Bitcoin reach $115K in June?,btc_price,BTC,True,False,No,,2025-07-01 07:23:57+00:00,5337732.561376
549517,4000,2025-06-10 04:31:27+00:00,2025-06-10 19:15:52+00:00,0.03,0.999,4000,0.6141782407407408,Will the price of Bitcoin be greater than $109K on June 10?,btc_price,BTC,True,False,Yes,,2025-06-10 19:19:58+00:00,3893439.997651
552347,4000,2025-06-18 13:34:41+00:00,2025-06-20 18:04:54+00:00,0.58,0.999,4000,2.187650462962963,"Bitcoin above $103,000 on June 20?",btc_price,BTC,True,False,Yes,,2025-06-20 18:03:26+00:00,5540072.679521
553810,4000,2025-10-29 05:55:53+00:00,2025-10-29 21:04:35+00:00,0.001,0.010157547124045124,4000,0.6310416666666666,Fed decreases interest rates by 50+ bps after October 2025 meeting?,crypto_policy,,False,True,No,,2025-10-29 21:16:17+00:00,52589989.131546
553811,4000,2025-10-29 10:25:17+00:00,2025-10-29 21:14:59+00:00,0.97799999978,0.9990000000008991,4000,0.45118055555555553,Fed decreases interest rates by 25 bps after October 2025 meeting?,crypto_policy,,False,True,Yes,,2025-10-29 21:15:21+00:00,51626217.76071
553812,4000,2025-10-29 06:03:41+00:00,2025-10-29 21:10:37+00:00,0.001,0.015000000115384616,4000,0.6298148148148148,No change in Fed interest rates after October 2025 meeting?,crypto_policy,,False,True,No,,2025-10-29 21:19:07+00:00,46052653.992844
553813,4000,2025-10-25 07:42:55+00:00,2025-10-31 03:30:25+00:00,0.001,0.0020000000000000018,4000,5.824652777777778,Fed increases interest rates by 25+ bps after October 2025 meeting?,crypto_policy,,False,True,No,,2025-10-31 03:33:31+00:00,102216689.131463
557762,4000,2025-07-21 05:59:07+00:00,2025-08-01 05:02:32+00:00,0.000999999001000007,0.018,3999,10.960706018518518,Will Bitcoin reach $150K in July?,btc_price,BTC,True,False,No,,2025-08-01 06:02:24+00:00,5372746.646437
557770,4000,2025-07-28 00:23:25+00:00,2025-08-01 05:30:42+00:00,0.001,0.8,4000,4.213391203703703,Will Ethereum reach $4000 in July?,eth_price,ETH,True,False,No,,2025-08-01 06:12:24+00:00,7517688.702565
558316,4000,2025-07-22 02:07:13+00:00,2025-08-01 05:18:56+00:00,0.000999999001000007,0.003000000003,4000,10.133136574074074,Will Bitcoin reach $200K in July?,btc_price,BTC,True,False,No,,2025-08-01 06:06:18+00:00,4612360.039851
558317,4000,2025-07-18 02:29:32+00:00,2025-08-01 06:06:42+00:00,0.000999999001000007,0.305,4000,14.150810185185184,Will Bitcoin reach $130K in July?,btc_price,BTC,True,False,No,,2025-08-01 06:08:16+00:00,4367871.622898
562683,4000,2025-07-22 15:01:16+00:00,2025-08-01 05:20:56+00:00,0.000999999001000007,0.48110883806174387,4000,9.596990740740742,Will Bitcoin reach $125K in July?,btc_price,BTC,True,False,No,,2025-08-01 06:16:28+00:00,3924855.016738
570360,4000,2025-12-10 09:38:20+00:00,2025-12-10 22:17:12+00:00,0.001,0.01499044122535634,4000,0.5269907407407407,Fed decreases interest rates by 50+ bps after December 2025 meeting?,crypto_policy,,False,True,No,,2025-12-10 22:17:52+00:00,161574382.129451
570361,4000,2025-12-10 11:56:15+00:00,2025-12-10 22:17:02+00:00,0.96,0.999,4000,0.431099537037037,Fed decreases interest rates by 25 bps after December 2025 meeting?,crypto_policy,,False,True,Yes,,2025-12-10 22:16:48+00:00,54634506.683355
570362,4000,2025-12-09 21:04:18+00:00,2025-12-10 22:17:30+00:00,0.001,0.051999975975999084,4000,1.0508333333333333,No change in Fed interest rates after December 2025 meeting?,crypto_policy,,False,True,No,,2025-12-10 22:17:52+00:00,44523455.111481
570363,4000,2025-12-06 07:56:21+00:00,2025-12-10 22:16:50+00:00,0.001,0.0020000000000000018,4000,4.597557870370371,Fed increases interest rates by 25+ bps after December 2025 meeting?,crypto_policy,,False,True,No,,2025-12-10 22:18:48+00:00,133173605.453166
572469,4000,2026-03-02 14:54:13+00:00,2026-03-04 19:26:35+00:00,0.928256761383088,0.999000000999,4000,2.1891435185185184,Will Trump nominate Kevin Warsh as the next Fed chair?,crypto_policy,,False,True,Yes,,2026-03-04 19:25:43+00:00,59907150.95188258
572470,4000,2026-02-23 20:58:56+00:00,2026-03-04 19:51:35+00:00,0.001,0.0040000000000000036,4000,8.953229166666667,Will Trump nominate Kevin Hassett as the next Fed chair?,crypto_policy,,False,True,No,,2026-03-04 19:57:05+00:00,36122905.93072796
572471,4000,2026-02-26 00:52:16+00:00,2026-03-04 19:56:03+00:00,0.001,0.006000000024,4000,6.794293981481482,Will Trump nominate Christopher Waller as the next Fed chair?,crypto_policy,,False,True,No,,2026-03-04 19:56:09+00:00,29229521.621000286
572472,2897,2025-08-05 20:58:25+00:00,2026-03-04 20:09:39+00:00,0.001,0.05,2897,210.96613425925926,Will Trump nominate Bill Pulte as the next Fed chair?,crypto_policy,,False,True,No,,2026-03-04 20:09:07+00:00,24537484.808130994
572473,4000,2026-03-03 17:09:51+00:00,2026-03-04 19:27:07+00:00,0.000999999001000007,0.04600000000000004,4000,1.0953240740740742,Will Trump nominate Judy Shelton as the next Fed chair?,crypto_policy,,False,True,No,,2026-03-04 19:25:55+00:00,127684064.95211223
572474,4000,2026-01-25 07:08:08+00:00,2026-03-04 15:40:59+00:00,0.001,0.006000000000000005,4000,38.356145833333336,Will Trump nominate David Malpass as the next Fed chair?,crypto_policy,,False,True,No,,2026-03-04 20:09:07+00:00,6336304.770659
572476,2232,2025-08-06 03:14:49+00:00,2026-03-04 10:04:53+00:00,0.001,0.01100000000000001,2232,210.28476851851852,Will Trump nominate Arthur Laffer as the next Fed chair?,crypto_policy,,False,True,No,,2026-03-04 20:12:11+00:00,21154894.068664
572477,3344,2025-08-06 17:15:57+00:00,2026-03-04 02:22:45+00:00,0.001,0.009000000000000008,3344,209.37972222222223,Will Trump nominate Larry Kudlow as the next Fed chair?,crypto_policy,,False,True,No,,2026-03-04 20:12:15+00:00,10383485.453766
572478,4000,2026-02-06 22:27:43+00:00,2026-03-04 12:10:23+00:00,0.001,0.0020000000000000018,4000,25.571296296296296,Will Trump nominate Jerome Powell as the next Fed chair?,crypto_policy,,False,True,No,,2026-03-04 20:12:11+00:00,27875356.84542
572479,1448,2025-08-06 17:15:57+00:00,2026-03-04 02:22:29+00:00,0.001,0.004548900689232601,1448,209.37953703703704,Will Trump nominate Ron Paul as the next Fed chair?,crypto_policy,,False,True,No,,2026-03-04 20:12:17+00:00,12652617.884833
572480,4000,2026-02-18 16:32:00+00:00,2026-03-04 19:55:31+00:00,0.001,0.01,4000,14.14133101851852,Will Trump nominate Stephen Miran as the next Fed chair?,crypto_policy,,False,True,No,,2026-03-04 20:12:17+00:00,22847634.77107189
572481,4000,2026-01-30 03:49:18+00:00,2026-03-04 16:50:37+00:00,0.0009999998000400634,0.010739574866282341,4000,33.54258101851852,Will Trump nominate Scott Bessent as the next Fed chair?,crypto_policy,,False,True,No,,2026-03-04 20:13:15+00:00,38740980.44605291
572483,4000,2025-10-18 10:06:10+00:00,2026-03-03 19:10:05+00:00,0.001,0.025,4000,136.3777199074074,Will Trump nominate Marc Sumerlin as the next Fed chair?,crypto_policy,,False,True,No,,2026-03-04 20:10:09+00:00,4328814.774965
572484,4000,2025-10-19 15:01:35+00:00,2026-03-03 19:09:51+00:00,0.000999999001000007,0.07,4000,135.1724074074074,Will Trump nominate David Zervos as the next Fed chair?,crypto_policy,,False,True,No,,2026-03-04 20:10:09+00:00,17922566.56491
572485,4000,2026-02-25 23:37:54+00:00,2026-03-04 20:08:23+00:00,0.001,0.0040000000000000036,4000,6.854502314814815,Will Trump nominate Rick Rieder as the next Fed chair?,crypto_policy,,False,True,No,,2026-03-04 20:10:11+00:00,35603624.85201814
572486,4000,2026-02-13 07:55:53+00:00,2026-03-04 20:00:27+00:00,0.001,0.00998941895963841,4000,19.503171296296298,Will Trump nominate Michelle Bowman as the next Fed chair?,crypto_policy,,False,True,No,,2026-03-04 20:13:19+00:00,26000156.80356803
572488,1884,2025-08-13 17:21:44+00:00,2026-03-03 19:09:39+00:00,0.001,0.03,1884,202.07494212962962,Will Trump nominate Philip Jefferson as the next Fed chair?,crypto_policy,,False,True,No,,2026-03-04 20:12:21+00:00,10813098.951725
572489,1917,2025-08-13 23:06:42+00:00,2026-03-04 10:04:57+00:00,0.001,0.025,1917,202.45711805555555,Will Trump nominate Janet Yellen as the next Fed chair?,crypto_policy,,False,True,No,,2026-03-04 20:11:09+00:00,21325692.069942
572491,1485,2025-09-11 19:51:41+00:00,2026-03-04 20:12:21+00:00,0.001,0.02100000000000002,1485,174.01435185185184,Will Trump nominate Larry Lindsey as the next Fed chair?,crypto_policy,,False,True,No,,2026-03-04 20:13:13+00:00,6059959.378687004
572492,1342,2025-11-18 19:12:11+00:00,2026-03-04 10:05:07+00:00,0.000999999001000007,0.03799998577279964,1342,105.6200925925926,Will Trump nominate Barron Trump as the next Fed chair?,crypto_policy,,False,True,No,,2026-03-04 20:13:17+00:00,20907360.96291
572494,1288,2025-11-25 01:40:53+00:00,2026-03-03 06:11:11+00:00,0.001,0.02,1288,98.18770833333333,Will Trump nominate himself as the next Fed chair?,crypto_policy,,False,True,No,,2026-03-04 19:52:15+00:00,23577646.036
572506,4000,2026-02-20 06:27:42+00:00,2026-03-04 19:35:03+00:00,0.0009999999978308471,0.014448459139025616,4000,12.546770833333333,Will Trump nominate no one before 2027?,crypto_policy,,False,True,No,,2026-03-04 19:58:01+00:00,24724502.6212151
574071,4000,2025-12-07 07:01:37+00:00,2026-01-01 02:11:41+00:00,0.000999999001000007,0.005,4000,24.798657407407408,"Will Ethereum hit $14,000 by December 31?",eth_price,ETH,True,False,No,,2026-01-01 07:20:27+00:00,5145125.771701
574072,4000,2025-12-20 08:20:32+00:00,2026-01-01 05:45:27+00:00,0.000999999001000007,0.0050000000000000044,4000,11.892303240740741,"Will Bitcoin reach $140,000 by December 31, 2025?",btc_price,BTC,True,False,No,,2026-01-01 07:17:25+00:00,8804123.733621
574073,4000,2025-12-07 12:57:55+00:00,2026-01-01 04:41:59+00:00,0.000999999001000007,0.0103765769313925,4000,24.655601851851852,"Will Bitcoin reach $170,000 by December 31, 2025?",btc_price,BTC,True,False,No,,2026-01-01 07:20:29+00:00,7721957.288049
576410,4000,2025-12-19 14:12:18+00:00,2025-12-31 16:24:29+00:00,0.000999999001000007,0.010000000000000009,4000,12.091793981481482,"Will Ethereum hit $17,000 by December 31?",eth_price,ETH,True,False,No,,2026-01-01 07:15:17+00:00,6416296.559687
580810,1329,2025-08-26 01:02:09+00:00,2025-09-04 22:51:50+00:00,0.001,0.8899999109995639,1329,9.909502314814814,Will MicroStrategy purchase Bitcoin August 26-September 1?,microstrategy,MSTR,False,True,No,,2025-09-05 00:29:32+00:00,4487549.808763
581247,4000,2025-09-16 17:59:16+00:00,2025-10-01 06:06:31+00:00,0.000999999001000007,0.13,4000,14.505034722222222,Lisa Cook out as Fed Governor by September 30?,crypto_policy,,False,True,No,,2025-10-01 06:26:45+00:00,7598984.9543
584887,4000,2025-09-20 09:44:44+00:00,2025-09-30 19:10:27+00:00,0.000999999001000007,0.015146387595173135,4000,10.392858796296297,Will Bitcoin reach $200K in September?,btc_price,BTC,True,False,No,,2025-10-01 06:05:55+00:00,5041865.047089
601697,4000,2026-01-25 03:49:02+00:00,2026-01-28 22:24:38+00:00,0.000999999001000007,0.07818829773412671,4000,3.774722222222222,Fed decreases interest rates by 50+ bps after January 2026 meeting?,crypto_policy,,False,True,No,,2026-01-28 22:53:04+00:00,235065166.637259
601698,4000,2026-01-27 21:31:29+00:00,2026-01-28 22:38:24+00:00,0.001,0.01032,4000,1.0464699074074073,Fed decreases interest rates by 25 bps after January 2026 meeting?,crypto_policy,,False,True,No,,2026-01-28 22:54:06+00:00,101211542.667667
601699,4000,2026-01-28 08:02:39+00:00,2026-01-28 22:50:54+00:00,0.9929999999874,0.999,4000,0.6168402777777777,No change in Fed interest rates after January 2026 meeting?,crypto_policy,,False,True,Yes,,2026-01-28 22:52:08+00:00,106767096.072298
601700,4000,2026-01-23 16:46:26+00:00,2026-01-28 22:45:00+00:00,0.000999999001000007,0.0038756552217114764,4000,5.2490046296296295,Fed increases interest rates by 25+ bps after January 2026 meeting?,crypto_policy,,False,True,No,,2026-01-28 23:04:04+00:00,216455743.153891
618949,4000,2025-10-28 01:14:03+00:00,2025-11-01 05:57:08+00:00,0.000999999001000007,0.003000000012,4000,4.196585648148148,Will Bitcoin reach $200k in October?,btc_price,BTC,True,False,No,,2025-11-01 06:06:20+00:00,15617197.1584
618950,4000,2025-10-27 00:32:23+00:00,2025-11-01 06:10:54+00:00,0.000999999001000007,0.008795142012594792,4000,5.235081018518518,Will Bitcoin reach $150k in October?,btc_price,BTC,True,False,No,,2025-11-01 06:13:04+00:00,5109930.292462
618952,4000,2025-10-25 00:11:04+00:00,2025-11-01 06:09:22+00:00,0.000999999001000007,0.0603164872798434,4000,7.248819444444444,Will Bitcoin reach $130k in October?,btc_price,BTC,True,False,No,,2025-11-01 06:09:16+00:00,5978400.520639
618965,4000,2025-10-23 07:02:33+00:00,2025-11-01 06:17:08+00:00,0.000999999001000007,0.186,4000,8.968460648148149,Will Bitcoin dip to $100k in October?,btc_price,BTC,True,False,No,,2025-11-01 06:18:54+00:00,4135952.554834
618972,4000,2025-10-17 20:09:34+00:00,2025-11-01 05:57:00+00:00,0.000999999001000007,0.007000000000000006,4000,14.407939814814815,Will Ethereum reach $8000 in October?,eth_price,ETH,True,False,No,,2025-11-01 06:11:12+00:00,3900458.869197
618977,4000,2025-10-24 18:15:46+00:00,2025-11-01 06:06:38+00:00,0.000999999001000007,0.10797690551876003,4000,7.493657407407407,Will Ethereum reach $5000 in October?,eth_price,ETH,True,False,No,,2025-11-01 06:10:12+00:00,4662515.126834
618978,4000,2025-10-20 11:06:33+00:00,2025-11-01 05:54:10+00:00,0.000999999001000007,0.20999999999999996,4000,11.783067129629629,Will Ethereum reach $4800 in October?,eth_price,ETH,True,False,No,,2025-11-01 06:11:14+00:00,4087360.807277
620015,4000,2025-12-25 00:57:37+00:00,2026-01-01 07:19:59+00:00,0.0009999991008998732,0.124,4000,7.265532407407408,"Will Bitcoin dip to $80,000 by December 31, 2025?",btc_price,BTC,True,False,No,,2026-01-01 07:59:45+00:00,8066294.940938
654413,4000,2026-03-17 02:16:09+00:00,2026-03-18 20:16:43+00:00,0.000999999001000007,0.007000000000000006,4000,1.7503935185185184,Will the Fed decrease interest rates by 25 bps after the March 2026 meeting?,crypto_policy,,False,True,No,,2026-03-18 21:18:07+00:00,87103283.7263213
654415,4000,2026-03-12 22:10:49+00:00,2026-03-18 21:12:11+00:00,0.001,0.003000000012,4000,5.959282407407407,Will the Fed increase interest rates by 25+ bps after the March 2026 meeting?,crypto_policy,,False,True,No,,2026-03-18 21:19:03+00:00,172972056.63332495
659233,4000,2025-11-25 10:55:35+00:00,2025-12-01 07:22:48+00:00,0.000999999001000007,0.0040000000000000036,4000,5.8522337962962965,"Will Bitcoin reach $200,000 in November?",btc_price,BTC,True,False,No,,2025-12-01 07:22:48+00:00,13588620.834388
659241,4000,2025-11-21 02:51:55+00:00,2025-12-01 07:19:46+00:00,0.000999999001000007,0.02523362406211822,4000,10.186006944444445,"Will Bitcoin reach $115,000 in November?",btc_price,BTC,True,False,No,,2025-12-01 07:27:44+00:00,5622333.157332
666217,4000,2025-12-10 12:33:49+00:00,2026-01-01 07:48:59+00:00,0.000999999001000007,0.999,4000,21.802199074074075,"Will Bitcoin reach $120,000 by December 31, 2025?",btc_price,BTC,True,False,No,,2026-01-01 08:00:41+00:00,8257060.300168
669660,4000,2026-04-19 05:40:52+00:00,2026-04-29 20:36:44+00:00,0.001,0.0020000000000000018,4000,10.62212962962963,Will the Fed decrease interest rates by 50+ bps after the April 2026 meeting?,crypto_policy,,False,True,No,,2026-04-29 21:24:08+00:00,66025383.9220003
669661,4000,2026-04-20 12:52:02+00:00,2026-04-29 19:53:58+00:00,0.001,0.006225802728468872,4000,9.293009259259259,Will the Fed decrease interest rates by 25 bps after the April 2026 meeting?,crypto_policy,,False,True,No,,2026-04-29 21:24:18+00:00,65311948.7161929
669662,4000,2026-04-26 20:16:50+00:00,2026-04-29 21:17:26+00:00,0.01,0.999,4000,3.0420833333333333,Will there be no change in Fed interest rates after the April 2026 meeting?,crypto_policy,,False,True,Yes,,2026-04-29 21:24:28+00:00,76909226.49304736
669663,4000,2026-04-20 04:40:50+00:00,2026-04-29 20:09:04+00:00,0.001,0.23099992873648637,4000,9.644606481481482,Will the Fed increase interest rates by 25+ bps after the April 2026 meeting?,crypto_policy,,False,True,No,,2026-04-29 21:24:38+00:00,75978206.16104123
687200,4000,2025-12-24 05:44:17+00:00,2026-01-01 06:03:01+00:00,0.000999999001000007,0.06111853856465332,4000,8.01300925925926,"Will Bitcoin reach $100,000 by December 31, 2025?",btc_price,BTC,True,False,No,,2026-01-01 07:59:43+00:00,9479018.595278
687778,4000,2025-12-13 00:47:10+00:00,2026-01-01 07:51:35+00:00,0.000999999001000007,0.08399999999999996,4000,19.294733796296295,"Will Bitcoin reach $110,000 by December 31, 2025?",btc_price,BTC,True,False,No,,2026-01-01 08:00:41+00:00,6056873.975672
692258,4000,2026-05-29 10:31:25+00:00,2026-06-01 14:08:18+00:00,0.6236698600932712,0.999,4000,3.150613425925926,"MicroStrategy sells any Bitcoin by June 30, 2026?",microstrategy,MSTR,False,True,Yes,,2026-06-01 14:07:11+00:00,8418661.007786024
784181,3255,2025-12-01 05:50:18+00:00,2025-12-08 15:05:33+00:00,0.06,0.999,3255,7.385590277777778,MicroStrategy announces >1000 BTC purchase December 2-8?,microstrategy,MSTR,False,True,Yes,,2025-12-08 15:05:55+00:00,4156296.008952
799384,4000,2025-12-15 23:48:33+00:00,2026-01-01 07:40:19+00:00,0.000999999001000007,0.09,4000,16.32761574074074,"Will Bitcoin reach $105,000 by December 31, 2025?",btc_price,BTC,True,False,No,,2026-01-01 08:01:39+00:00,4250036.078856
800432,4000,2025-12-26 15:35:43+00:00,2026-01-01 08:00:51+00:00,0.000999999001000007,0.18999995644698892,4000,5.68412037037037,"Will Bitcoin reach $95,000 by December 31, 2025?",btc_price,BTC,True,False,No,,2026-01-01 08:02:41+00:00,8136573.744183
906972,4000,2026-06-12 20:26:04+00:00,2026-06-17 19:19:37+00:00,0.001,0.0040000000000000036,4000,4.953854166666667,Will the Fed decrease interest rates by 50+ bps after the June 2026 meeting?,crypto_policy,,False,True,No,,2026-06-17 21:07:23+00:00,37866883.42341023
906973,4000,2026-06-12 21:07:28+00:00,2026-06-17 21:12:58+00:00,0.001,0.006000000000000005,4000,5.003819444444445,Will the Fed decrease interest rates by 25 bps after the June 2026 meeting?,crypto_policy,,False,True,No,,2026-06-17 21:15:16+00:00,30934915.761426214
906974,4000,2026-06-12 00:57:09+00:00,2026-06-17 20:56:14+00:00,0.9830015690437623,0.999,4000,5.832696759259259,Will there be no change in Fed interest rates after the June 2026 meeting?,crypto_policy,,False,True,Yes,,2026-06-17 21:07:28+00:00,43061416.20801809
906975,4000,2026-06-10 07:16:43+00:00,2026-06-17 20:35:47+00:00,0.001,0.008,4000,7.554907407407407,Will the Fed increase interest rates by 25 bps after the June 2026 meeting?,crypto_policy,,False,True,No,,2026-06-17 21:20:40+00:00,31037182.120555956
906976,4000,2026-05-28 14:33:41+00:00,2026-06-17 17:58:13+00:00,0.001,0.0030000000000000027,4000,20.14203703703704,Will the Fed increase interest rates by 50+ bps after the June 2026 meeting?,crypto_policy,,False,True,No,,2026-06-17 21:20:46+00:00,21740489.034398694
