fold,split,representation,model,pca_setting,tda_window,tda_group,c_value,n_components,train_start,train_end,test_start,test_end,status,eval_group_type,eval_group,n_obs,brier,log_loss,avg_pred,avg_actual,ece,placebo_type
1,design_cv,pca_plus_tda,pca_plus_tda_fixed_2_168h_h0_h1_C0.01,fixed_2,168,h0_h1,0.01,2,2024-08-06 17:00:00+00:00,2025-05-22 22:00:00+00:00,2025-05-22 23:00:00+00:00,2025-06-05 22:00:00+00:00,ok,overall,overall,11422,0.04041175577106403,0.14852550393338518,0.09026585026922973,0.0882507441779023,0.05713364981488733,shuffle
1,design_cv,pca_plus_tda,pca_plus_tda_fixed_2_168h_h0_h1_C0.01,fixed_2,168,h0_h1,0.01,2,2024-08-06 17:00:00+00:00,2025-05-22 22:00:00+00:00,2025-05-22 23:00:00+00:00,2025-06-05 22:00:00+00:00,ok,broad_family,crypto_btc,4030,0.01879733228157746,0.07345468009286044,0.05959864117540785,0.0,0.059598641175407835,shuffle
1,design_cv,pca_plus_tda,pca_plus_tda_fixed_2_168h_h0_h1_C0.01,fixed_2,168,h0_h1,0.01,2,2024-08-06 17:00:00+00:00,2025-05-22 22:00:00+00:00,2025-05-22 23:00:00+00:00,2025-06-05 22:00:00+00:00,ok,broad_family,crypto_eth,1680,0.00024662939245737346,0.013665640774842253,0.01354041689801695,0.0,0.01354041689801695,shuffle
1,design_cv,pca_plus_tda,pca_plus_tda_fixed_2_168h_h0_h1_C0.01,fixed_2,168,h0_h1,0.01,2,2024-08-06 17:00:00+00:00,2025-05-22 22:00:00+00:00,2025-05-22 23:00:00+00:00,2025-06-05 22:00:00+00:00,ok,broad_family,crypto_microstrategy,336,0.00010022952353815463,0.010033943646500962,0.00998348889475418,0.0,0.00998348889475418,shuffle
1,design_cv,pca_plus_tda,pca_plus_tda_fixed_2_168h_h0_h1_C0.01,fixed_2,168,h0_h1,0.01,2,2024-08-06 17:00:00+00:00,2025-05-22 22:00:00+00:00,2025-05-22 23:00:00+00:00,2025-06-05 22:00:00+00:00,ok,broad_family,crypto_policy,336,0.017892111544658224,0.1416748259213259,0.13179046426994304,0.0,0.13179046426994306,shuffle
1,design_cv,pca_plus_tda,pca_plus_tda_fixed_2_168h_h0_h1_C0.01,fixed_2,168,h0_h1,0.01,2,2024-08-06 17:00:00+00:00,2025-05-22 22:00:00+00:00,2025-05-22 23:00:00+00:00,2025-06-05 22:00:00+00:00,ok,broad_family,macro_fed_rates,5040,0.07527183756827259,0.26319514326912163,0.14294644229885747,0.2,0.10640529124028339,shuffle
1,design_cv,pca_plus_tda,pca_plus_tda_fixed_2_168h_h0_h1_C0.01,fixed_2,168,h0_h1,0.01,2,2024-08-06 17:00:00+00:00,2025-05-22 22:00:00+00:00,2025-05-22 23:00:00+00:00,2025-06-05 22:00:00+00:00,ok,active_market_count_bucket,26-50,11422,0.04041175577106403,0.14852550393338518,0.09026585026922973,0.0882507441779023,0.05713364981488733,shuffle
1,design_cv,pca_plus_tda,pca_plus_tda_fixed_2_168h_h0_h1_C0.01,fixed_2,168,h0_h1,0.01,2,2024-08-06 17:00:00+00:00,2025-05-22 22:00:00+00:00,2025-05-22 23:00:00+00:00,2025-06-05 22:00:00+00:00,ok,overall,overall,5712,0.04586851740228328,0.16355373805017573,0.09788003876364487,0.08823529411764706,0.06623593653098714,future_shift
1,design_cv,pca_plus_tda,pca_plus_tda_fixed_2_168h_h0_h1_C0.01,fixed_2,168,h0_h1,0.01,2,2024-08-06 17:00:00+00:00,2025-05-22 22:00:00+00:00,2025-05-22 23:00:00+00:00,2025-06-05 22:00:00+00:00,ok,broad_family,crypto_btc,2016,0.02751960993184412,0.09216752361963838,0.07005865854122877,0.0,0.07005865854122877,future_shift
1,design_cv,pca_plus_tda,pca_plus_tda_fixed_2_168h_h0_h1_C0.01,fixed_2,168,h0_h1,0.01,2,2024-08-06 17:00:00+00:00,2025-05-22 22:00:00+00:00,2025-05-22 23:00:00+00:00,2025-06-05 22:00:00+00:00,ok,broad_family,crypto_eth,840,0.0003140965132147769,0.01554656049133769,0.015386784429395232,0.0,0.015386784429395232,future_shift
1,design_cv,pca_plus_tda,pca_plus_tda_fixed_2_168h_h0_h1_C0.01,fixed_2,168,h0_h1,0.01,2,2024-08-06 17:00:00+00:00,2025-05-22 22:00:00+00:00,2025-05-22 23:00:00+00:00,2025-06-05 22:00:00+00:00,ok,broad_family,crypto_microstrategy,168,0.00012059626647017081,0.011025079748443332,0.01096433435594055,0.0,0.01096433435594055,future_shift
1,design_cv,pca_plus_tda,pca_plus_tda_fixed_2_168h_h0_h1_C0.01,fixed_2,168,h0_h1,0.01,2,2024-08-06 17:00:00+00:00,2025-05-22 22:00:00+00:00,2025-05-22 23:00:00+00:00,2025-06-05 22:00:00+00:00,ok,broad_family,crypto_policy,168,0.02742466273659579,0.17946496685583538,0.16395554859518596,0.0,0.163955548595186,future_shift
1,design_cv,pca_plus_tda,pca_plus_tda_fixed_2_168h_h0_h1_C0.01,fixed_2,168,h0_h1,0.01,2,2024-08-06 17:00:00+00:00,2025-05-22 22:00:00+00:00,2025-05-22 23:00:00+00:00,2025-06-05 22:00:00+00:00,ok,broad_family,macro_fed_rates,2520,0.08001190206175747,0.27910626408062317,0.14902424069140524,0.2,0.11221647123025918,future_shift
1,design_cv,pca_plus_tda,pca_plus_tda_fixed_2_168h_h0_h1_C0.01,fixed_2,168,h0_h1,0.01,2,2024-08-06 17:00:00+00:00,2025-05-22 22:00:00+00:00,2025-05-22 23:00:00+00:00,2025-06-05 22:00:00+00:00,ok,active_market_count_bucket,26-50,5712,0.04586851740228328,0.16355373805017573,0.09788003876364487,0.08823529411764706,0.06623593653098714,future_shift
2,design_cv,pca_plus_tda,pca_plus_tda_fixed_2_168h_h0_h1_C0.01,fixed_2,168,h0_h1,0.01,2,2024-08-06 17:00:00+00:00,2025-06-05 22:00:00+00:00,2025-06-05 23:00:00+00:00,2025-06-19 22:00:00+00:00,ok,overall,overall,11014,0.03255066407208675,0.11672754138003814,0.08686959018145061,0.08979480660976938,0.03879128579838904,shuffle
2,design_cv,pca_plus_tda,pca_plus_tda_fixed_2_168h_h0_h1_C0.01,fixed_2,168,h0_h1,0.01,2,2024-08-06 17:00:00+00:00,2025-06-05 22:00:00+00:00,2025-06-05 23:00:00+00:00,2025-06-19 22:00:00+00:00,ok,broad_family,crypto_btc,3696,0.010544994034237492,0.057491782488478985,0.0508827946479605,0.0,0.0508827946479605,shuffle
2,design_cv,pca_plus_tda,pca_plus_tda_fixed_2_168h_h0_h1_C0.01,fixed_2,168,h0_h1,0.01,2,2024-08-06 17:00:00+00:00,2025-06-05 22:00:00+00:00,2025-06-05 23:00:00+00:00,2025-06-19 22:00:00+00:00,ok,broad_family,crypto_eth,1680,0.00022878936740314333,0.01336911956637903,0.013253078089666323,0.0,0.013253078089666323,shuffle
2,design_cv,pca_plus_tda,pca_plus_tda_fixed_2_168h_h0_h1_C0.01,fixed_2,168,h0_h1,0.01,2,2024-08-06 17:00:00+00:00,2025-06-05 22:00:00+00:00,2025-06-05 23:00:00+00:00,2025-06-19 22:00:00+00:00,ok,broad_family,crypto_microstrategy,336,9.703378672299535e-05,0.009625901155051369,0.009577036864902137,0.0,0.009577036864902137,shuffle
2,design_cv,pca_plus_tda,pca_plus_tda_fixed_2_168h_h0_h1_C0.01,fixed_2,168,h0_h1,0.01,2,2024-08-06 17:00:00+00:00,2025-06-05 22:00:00+00:00,2025-06-05 23:00:00+00:00,2025-06-19 22:00:00+00:00,ok,broad_family,crypto_policy,336,0.00878438019823862,0.09720007317875008,0.09249842337533384,0.0,0.09249842337533383,shuffle
2,design_cv,pca_plus_tda,pca_plus_tda_fixed_2_168h_h0_h1_C0.01,fixed_2,168,h0_h1,0.01,2,2024-08-06 17:00:00+00:00,2025-06-05 22:00:00+00:00,2025-06-05 23:00:00+00:00,2025-06-19 22:00:00+00:00,ok,broad_family,macro_fed_rates,4966,0.0636669744066124,0.20434834160987672,0.143406430005694,0.1991542488924688,0.08850573471555583,shuffle
2,design_cv,pca_plus_tda,pca_plus_tda_fixed_2_168h_h0_h1_C0.01,fixed_2,168,h0_h1,0.01,2,2024-08-06 17:00:00+00:00,2025-06-05 22:00:00+00:00,2025-06-05 23:00:00+00:00,2025-06-19 22:00:00+00:00,ok,active_market_count_bucket,26-50,11014,0.03255066407208675,0.11672754138003814,0.08686959018145061,0.08979480660976938,0.03879128579838904,shuffle
2,design_cv,pca_plus_tda,pca_plus_tda_fixed_2_168h_h0_h1_C0.01,fixed_2,168,h0_h1,0.01,2,2024-08-06 17:00:00+00:00,2025-06-05 22:00:00+00:00,2025-06-05 23:00:00+00:00,2025-06-19 22:00:00+00:00,ok,overall,overall,5544,0.03396730142191889,0.12451244095420767,0.0895448347125632,0.09090909090909091,0.04106829508889278,future_shift
2,design_cv,pca_plus_tda,pca_plus_tda_fixed_2_168h_h0_h1_C0.01,fixed_2,168,h0_h1,0.01,2,2024-08-06 17:00:00+00:00,2025-06-05 22:00:00+00:00,2025-06-05 23:00:00+00:00,2025-06-19 22:00:00+00:00,ok,broad_family,crypto_btc,1848,0.012424365568455982,0.06459869503912799,0.05676553605685392,0.0,0.05676553605685392,future_shift
2,design_cv,pca_plus_tda,pca_plus_tda_fixed_2_168h_h0_h1_C0.01,fixed_2,168,h0_h1,0.01,2,2024-08-06 17:00:00+00:00,2025-06-05 22:00:00+00:00,2025-06-05 23:00:00+00:00,2025-06-19 22:00:00+00:00,ok,broad_family,crypto_eth,840,0.000201417376334132,0.012402312171821502,0.012300219548861261,0.0,0.012300219548861261,future_shift
2,design_cv,pca_plus_tda,pca_plus_tda_fixed_2_168h_h0_h1_C0.01,fixed_2,168,h0_h1,0.01,2,2024-08-06 17:00:00+00:00,2025-06-05 22:00:00+00:00,2025-06-05 23:00:00+00:00,2025-06-19 22:00:00+00:00,ok,broad_family,crypto_microstrategy,168,8.27819556416391e-05,0.008763292864815054,0.008721619648161377,0.0,0.008721619648161377,future_shift
2,design_cv,pca_plus_tda,pca_plus_tda_fixed_2_168h_h0_h1_C0.01,fixed_2,168,h0_h1,0.01,2,2024-08-06 17:00:00+00:00,2025-06-05 22:00:00+00:00,2025-06-05 23:00:00+00:00,2025-06-19 22:00:00+00:00,ok,broad_family,crypto_policy,168,0.009547545927801614,0.10084521664977293,0.09571288163104866,0.0,0.09571288163104866,future_shift
2,design_cv,pca_plus_tda,pca_plus_tda_fixed_2_168h_h0_h1_C0.01,fixed_2,168,h0_h1,0.01,2,2024-08-06 17:00:00+00:00,2025-06-05 22:00:00+00:00,2025-06-05 23:00:00+00:00,2025-06-19 22:00:00+00:00,ok,broad_family,macro_fed_rates,2520,0.06490770072701289,0.21511365571231666,0.14430820332437844,0.2,0.08640929244486441,future_shift
2,design_cv,pca_plus_tda,pca_plus_tda_fixed_2_168h_h0_h1_C0.01,fixed_2,168,h0_h1,0.01,2,2024-08-06 17:00:00+00:00,2025-06-05 22:00:00+00:00,2025-06-05 23:00:00+00:00,2025-06-19 22:00:00+00:00,ok,active_market_count_bucket,26-50,5544,0.03396730142191889,0.12451244095420767,0.0895448347125632,0.09090909090909091,0.04106829508889278,future_shift
3,design_cv,pca_plus_tda,pca_plus_tda_fixed_2_168h_h0_h1_C1,fixed_2,168,h0_h1,1.0,2,2024-08-06 17:00:00+00:00,2025-06-19 22:00:00+00:00,2025-06-19 23:00:00+00:00,2025-07-03 22:00:00+00:00,ok,overall,overall,11187,0.0348963275082802,0.11506918426788378,0.08087912007923673,0.09010458567980692,0.05834842536641336,shuffle
3,design_cv,pca_plus_tda,pca_plus_tda_fixed_2_168h_h0_h1_C1,fixed_2,168,h0_h1,1.0,2,2024-08-06 17:00:00+00:00,2025-06-19 22:00:00+00:00,2025-06-19 23:00:00+00:00,2025-07-03 22:00:00+00:00,ok,broad_family,crypto_btc,3717,0.010192433589029196,0.05409495900988525,0.04763435269374526,0.0,0.04763435269374527,shuffle
3,design_cv,pca_plus_tda,pca_plus_tda_fixed_2_168h_h0_h1_C1,fixed_2,168,h0_h1,1.0,2,2024-08-06 17:00:00+00:00,2025-06-19 22:00:00+00:00,2025-06-19 23:00:00+00:00,2025-07-03 22:00:00+00:00,ok,broad_family,crypto_eth,1758,0.00029391626305319584,0.015340880995149844,0.015191529377790843,0.0,0.015191529377790843,shuffle
3,design_cv,pca_plus_tda,pca_plus_tda_fixed_2_168h_h0_h1_C1,fixed_2,168,h0_h1,1.0,2,2024-08-06 17:00:00+00:00,2025-06-19 22:00:00+00:00,2025-06-19 23:00:00+00:00,2025-07-03 22:00:00+00:00,ok,broad_family,crypto_microstrategy,336,0.00016913425538068352,0.012901761767296955,0.012816420149554227,0.0,0.012816420149554227,shuffle
3,design_cv,pca_plus_tda,pca_plus_tda_fixed_2_168h_h0_h1_C1,fixed_2,168,h0_h1,1.0,2,2024-08-06 17:00:00+00:00,2025-06-19 22:00:00+00:00,2025-06-19 23:00:00+00:00,2025-07-03 22:00:00+00:00,ok,broad_family,crypto_policy,336,0.006310262882946129,0.08222105184065923,0.07888416240372964,0.0,0.07888416240372964,shuffle
3,design_cv,pca_plus_tda,pca_plus_tda_fixed_2_168h_h0_h1_C1,fixed_2,168,h0_h1,1.0,2,2024-08-06 17:00:00+00:00,2025-06-19 22:00:00+00:00,2025-06-19 23:00:00+00:00,2025-07-03 22:00:00+00:00,ok,broad_family,macro_fed_rates,5040,0.06940598372138566,0.20382489436573922,0.1329801037658156,0.2,0.09470768297497062,shuffle
3,design_cv,pca_plus_tda,pca_plus_tda_fixed_2_168h_h0_h1_C1,fixed_2,168,h0_h1,1.0,2,2024-08-06 17:00:00+00:00,2025-06-19 22:00:00+00:00,2025-06-19 23:00:00+00:00,2025-07-03 22:00:00+00:00,ok,active_market_count_bucket,26-50,11187,0.0348963275082802,0.11506918426788378,0.08087912007923673,0.09010458567980692,0.05834842536641336,shuffle
3,design_cv,pca_plus_tda,pca_plus_tda_fixed_2_168h_h0_h1_C1,fixed_2,168,h0_h1,1.0,2,2024-08-06 17:00:00+00:00,2025-06-19 22:00:00+00:00,2025-06-19 23:00:00+00:00,2025-07-03 22:00:00+00:00,ok,overall,overall,5544,0.0458513437723832,0.1438300612856934,0.08035106507468527,0.09090909090909091,0.06290351420859965,future_shift
3,design_cv,pca_plus_tda,pca_plus_tda_fixed_2_168h_h0_h1_C1,fixed_2,168,h0_h1,1.0,2,2024-08-06 17:00:00+00:00,2025-06-19 22:00:00+00:00,2025-06-19 23:00:00+00:00,2025-07-03 22:00:00+00:00,ok,broad_family,crypto_btc,1848,0.009520306082460598,0.05358406500863454,0.04763679118788567,0.0,0.04763679118788568,future_shift
3,design_cv,pca_plus_tda,pca_plus_tda_fixed_2_168h_h0_h1_C1,fixed_2,168,h0_h1,1.0,2,2024-08-06 17:00:00+00:00,2025-06-19 22:00:00+00:00,2025-06-19 23:00:00+00:00,2025-07-03 22:00:00+00:00,ok,broad_family,crypto_eth,840,0.0003040790743845405,0.015873808350588818,0.01571931736499487,0.0,0.01571931736499487,future_shift
3,design_cv,pca_plus_tda,pca_plus_tda_fixed_2_168h_h0_h1_C1,fixed_2,168,h0_h1,1.0,2,2024-08-06 17:00:00+00:00,2025-06-19 22:00:00+00:00,2025-06-19 23:00:00+00:00,2025-07-03 22:00:00+00:00,ok,broad_family,crypto_microstrategy,168,0.00021305473305311586,0.014602688408626819,0.014495091331299522,0.0,0.014495091331299522,future_shift
3,design_cv,pca_plus_tda,pca_plus_tda_fixed_2_168h_h0_h1_C1,fixed_2,168,h0_h1,1.0,2,2024-08-06 17:00:00+00:00,2025-06-19 22:00:00+00:00,2025-06-19 23:00:00+00:00,2025-07-03 22:00:00+00:00,ok,broad_family,crypto_policy,168,0.0055141963026909616,0.07679068137612295,0.07388644925338635,0.0,0.07388644925338633,future_shift
3,design_cv,pca_plus_tda,pca_plus_tda_fixed_2_168h_h0_h1_C1,fixed_2,168,h0_h1,1.0,2,2024-08-06 17:00:00+00:00,2025-06-19 22:00:00+00:00,2025-06-19 23:00:00+00:00,2025-07-03 22:00:00+00:00,ok,broad_family,macro_fed_rates,2520,0.09340822207826081,0.26574699305301386,0.13070682113254745,0.2,0.11158901675717525,future_shift
3,design_cv,pca_plus_tda,pca_plus_tda_fixed_2_168h_h0_h1_C1,fixed_2,168,h0_h1,1.0,2,2024-08-06 17:00:00+00:00,2025-06-19 22:00:00+00:00,2025-06-19 23:00:00+00:00,2025-07-03 22:00:00+00:00,ok,active_market_count_bucket,26-50,5544,0.0458513437723832,0.1438300612856934,0.08035106507468527,0.09090909090909091,0.06290351420859965,future_shift
4,design_cv,pca_plus_tda,pca_plus_tda_var_85_24h_h0_h1_C1,var_85,24,h0_h1,1.0,6,2024-08-06 17:00:00+00:00,2025-07-03 22:00:00+00:00,2025-07-03 23:00:00+00:00,2025-07-17 22:00:00+00:00,ok,overall,overall,11424,0.045167200109791944,0.13521018607705643,0.08525782054024879,0.08823529411764706,0.061692806111013014,shuffle
4,design_cv,pca_plus_tda,pca_plus_tda_var_85_24h_h0_h1_C1,var_85,24,h0_h1,1.0,6,2024-08-06 17:00:00+00:00,2025-07-03 22:00:00+00:00,2025-07-03 23:00:00+00:00,2025-07-17 22:00:00+00:00,ok,broad_family,crypto_btc,3696,0.03488022446635521,0.10901409814086908,0.0749693905206887,0.0,0.07496939052068871,shuffle
4,design_cv,pca_plus_tda,pca_plus_tda_var_85_24h_h0_h1_C1,var_85,24,h0_h1,1.0,6,2024-08-06 17:00:00+00:00,2025-07-03 22:00:00+00:00,2025-07-03 23:00:00+00:00,2025-07-17 22:00:00+00:00,ok,broad_family,crypto_eth,2016,0.0004836889702548906,0.016755154011528918,0.01650566195408945,0.0,0.01650566195408945,shuffle
4,design_cv,pca_plus_tda,pca_plus_tda_var_85_24h_h0_h1_C1,var_85,24,h0_h1,1.0,6,2024-08-06 17:00:00+00:00,2025-07-03 22:00:00+00:00,2025-07-03 23:00:00+00:00,2025-07-17 22:00:00+00:00,ok,broad_family,crypto_microstrategy,336,9.826433619863278e-05,0.0097804244738733,0.009730948229167776,0.0,0.009730948229167776,shuffle
4,design_cv,pca_plus_tda,pca_plus_tda_var_85_24h_h0_h1_C1,var_85,24,h0_h1,1.0,6,2024-08-06 17:00:00+00:00,2025-07-03 22:00:00+00:00,2025-07-03 23:00:00+00:00,2025-07-17 22:00:00+00:00,ok,broad_family,crypto_policy,336,0.004027064926644805,0.06484356695110119,0.06273781202270005,0.0,0.06273781202270005,shuffle
4,design_cv,pca_plus_tda,pca_plus_tda_var_85_24h_h0_h1_C1,var_85,24,h0_h1,1.0,6,2024-08-06 17:00:00+00:00,2025-07-03 22:00:00+00:00,2025-07-03 23:00:00+00:00,2025-07-17 22:00:00+00:00,ok,broad_family,macro_fed_rates,5040,0.07633165810124307,0.214855755438414,0.12683999137763188,0.2,0.07946882907618276,shuffle
4,design_cv,pca_plus_tda,pca_plus_tda_var_85_24h_h0_h1_C1,var_85,24,h0_h1,1.0,6,2024-08-06 17:00:00+00:00,2025-07-03 22:00:00+00:00,2025-07-03 23:00:00+00:00,2025-07-17 22:00:00+00:00,ok,active_market_count_bucket,26-50,11424,0.045167200109791944,0.13521018607705643,0.08525782054024879,0.08823529411764706,0.061692806111013014,shuffle
4,design_cv,pca_plus_tda,pca_plus_tda_var_85_24h_h0_h1_C1,var_85,24,h0_h1,1.0,6,2024-08-06 17:00:00+00:00,2025-07-03 22:00:00+00:00,2025-07-03 23:00:00+00:00,2025-07-17 22:00:00+00:00,ok,overall,overall,10608,0.04395910953542924,0.13174206186024628,0.08551377417983191,0.08823529411764706,0.06456671777417887,future_shift
4,design_cv,pca_plus_tda,pca_plus_tda_var_85_24h_h0_h1_C1,var_85,24,h0_h1,1.0,6,2024-08-06 17:00:00+00:00,2025-07-03 22:00:00+00:00,2025-07-03 23:00:00+00:00,2025-07-17 22:00:00+00:00,ok,broad_family,crypto_btc,3432,0.033571206937633394,0.10629941213203783,0.07390442833498635,0.0,0.07390442833498635,future_shift
4,design_cv,pca_plus_tda,pca_plus_tda_var_85_24h_h0_h1_C1,var_85,24,h0_h1,1.0,6,2024-08-06 17:00:00+00:00,2025-07-03 22:00:00+00:00,2025-07-03 23:00:00+00:00,2025-07-17 22:00:00+00:00,ok,broad_family,crypto_eth,1872,0.00042302858276432366,0.016075275114979026,0.015857955595185855,0.0,0.015857955595185855,future_shift
4,design_cv,pca_plus_tda,pca_plus_tda_var_85_24h_h0_h1_C1,var_85,24,h0_h1,1.0,6,2024-08-06 17:00:00+00:00,2025-07-03 22:00:00+00:00,2025-07-03 23:00:00+00:00,2025-07-17 22:00:00+00:00,ok,broad_family,crypto_microstrategy,312,0.00010230038783031043,0.010031715775967284,0.009980204758420593,0.0,0.009980204758420593,future_shift
4,design_cv,pca_plus_tda,pca_plus_tda_var_85_24h_h0_h1_C1,var_85,24,h0_h1,1.0,6,2024-08-06 17:00:00+00:00,2025-07-03 22:00:00+00:00,2025-07-03 23:00:00+00:00,2025-07-17 22:00:00+00:00,ok,broad_family,crypto_policy,312,0.004204481711666035,0.06657800106424244,0.06437837209032246,0.0,0.06437837209032246,future_shift
4,design_cv,pca_plus_tda,pca_plus_tda_var_85_24h_h0_h1_C1,var_85,24,h0_h1,1.0,6,2024-08-06 17:00:00+00:00,2025-07-03 22:00:00+00:00,2025-07-03 23:00:00+00:00,2025-07-17 22:00:00+00:00,ok,broad_family,macro_fed_rates,4680,0.07456543295296963,0.20912501348439155,0.12833422000063846,0.2,0.08700943656987531,future_shift
4,design_cv,pca_plus_tda,pca_plus_tda_var_85_24h_h0_h1_C1,var_85,24,h0_h1,1.0,6,2024-08-06 17:00:00+00:00,2025-07-03 22:00:00+00:00,2025-07-03 23:00:00+00:00,2025-07-17 22:00:00+00:00,ok,active_market_count_bucket,26-50,10608,0.04395910953542924,0.13174206186024628,0.08551377417983191,0.08823529411764706,0.06456671777417887,future_shift
5,design_cv,pca_plus_tda,pca_plus_tda_var_85_24h_h0_h1_C1,var_85,24,h0_h1,1.0,6,2024-08-06 17:00:00+00:00,2025-07-17 22:00:00+00:00,2025-07-17 23:00:00+00:00,2025-07-31 22:00:00+00:00,ok,overall,overall,11336,0.06117322883526817,0.18273977198503344,0.07709576792183442,0.08697953422724065,0.05124888250788465,shuffle
5,design_cv,pca_plus_tda,pca_plus_tda_var_85_24h_h0_h1_C1,var_85,24,h0_h1,1.0,6,2024-08-06 17:00:00+00:00,2025-07-17 22:00:00+00:00,2025-07-17 23:00:00+00:00,2025-07-31 22:00:00+00:00,ok,broad_family,crypto_btc,3696,0.04288437213873719,0.11880716775320369,0.07693812925669295,0.0,0.07693812925669295,shuffle
5,design_cv,pca_plus_tda,pca_plus_tda_var_85_24h_h0_h1_C1,var_85,24,h0_h1,1.0,6,2024-08-06 17:00:00+00:00,2025-07-17 22:00:00+00:00,2025-07-17 23:00:00+00:00,2025-07-31 22:00:00+00:00,ok,broad_family,crypto_eth,2016,0.008052706529286422,0.05778394856170084,0.05303716492425112,0.0,0.05303716492425112,shuffle
5,design_cv,pca_plus_tda,pca_plus_tda_var_85_24h_h0_h1_C1,var_85,24,h0_h1,1.0,6,2024-08-06 17:00:00+00:00,2025-07-17 22:00:00+00:00,2025-07-17 23:00:00+00:00,2025-07-31 22:00:00+00:00,ok,broad_family,crypto_microstrategy,336,2.2908436837001473e-05,0.004700190413198503,0.004688697021864513,0.0,0.004688697021864513,shuffle
5,design_cv,pca_plus_tda,pca_plus_tda_var_85_24h_h0_h1_C1,var_85,24,h0_h1,1.0,6,2024-08-06 17:00:00+00:00,2025-07-17 22:00:00+00:00,2025-07-17 23:00:00+00:00,2025-07-31 22:00:00+00:00,ok,broad_family,crypto_policy,336,0.001369881585448426,0.03654915008067181,0.0358450244582397,0.0,0.0358450244582397,shuffle
5,design_cv,pca_plus_tda,pca_plus_tda_var_85_24h_h0_h1_C1,var_85,24,h0_h1,1.0,6,2024-08-06 17:00:00+00:00,2025-07-17 22:00:00+00:00,2025-07-17 23:00:00+00:00,2025-07-31 22:00:00+00:00,ok,broad_family,macro_fed_rates,4952,0.10465606802126372,0.3033268466276593,0.09471971819963099,0.1991114701130856,0.10642319418305601,shuffle
5,design_cv,pca_plus_tda,pca_plus_tda_var_85_24h_h0_h1_C1,var_85,24,h0_h1,1.0,6,2024-08-06 17:00:00+00:00,2025-07-17 22:00:00+00:00,2025-07-17 23:00:00+00:00,2025-07-31 22:00:00+00:00,ok,active_market_count_bucket,26-50,11336,0.06117322883526817,0.18273977198503344,0.07709576792183442,0.08697953422724065,0.05124888250788465,shuffle
5,design_cv,pca_plus_tda,pca_plus_tda_var_85_24h_h0_h1_C1,var_85,24,h0_h1,1.0,6,2024-08-06 17:00:00+00:00,2025-07-17 22:00:00+00:00,2025-07-17 23:00:00+00:00,2025-07-31 22:00:00+00:00,ok,overall,overall,10608,0.060054160853073545,0.17888495511717684,0.07825362659407019,0.08823529411764706,0.05221263863869752,future_shift
5,design_cv,pca_plus_tda,pca_plus_tda_var_85_24h_h0_h1_C1,var_85,24,h0_h1,1.0,6,2024-08-06 17:00:00+00:00,2025-07-17 22:00:00+00:00,2025-07-17 23:00:00+00:00,2025-07-31 22:00:00+00:00,ok,broad_family,crypto_btc,3432,0.043255344540668955,0.11978381297680354,0.07738966219590981,0.0,0.07738966219590981,future_shift
5,design_cv,pca_plus_tda,pca_plus_tda_var_85_24h_h0_h1_C1,var_85,24,h0_h1,1.0,6,2024-08-06 17:00:00+00:00,2025-07-17 22:00:00+00:00,2025-07-17 23:00:00+00:00,2025-07-31 22:00:00+00:00,ok,broad_family,crypto_eth,1872,0.007905868877703497,0.057832858318798634,0.053187435556665205,0.0,0.05318743555666521,future_shift
5,design_cv,pca_plus_tda,pca_plus_tda_var_85_24h_h0_h1_C1,var_85,24,h0_h1,1.0,6,2024-08-06 17:00:00+00:00,2025-07-17 22:00:00+00:00,2025-07-17 23:00:00+00:00,2025-07-31 22:00:00+00:00,ok,broad_family,crypto_microstrategy,312,2.1711945891254523e-05,0.004605526850027562,0.004594635576353854,0.0,0.004594635576353854,future_shift
5,design_cv,pca_plus_tda,pca_plus_tda_var_85_24h_h0_h1_C1,var_85,24,h0_h1,1.0,6,2024-08-06 17:00:00+00:00,2025-07-17 22:00:00+00:00,2025-07-17 23:00:00+00:00,2025-07-31 22:00:00+00:00,ok,broad_family,crypto_policy,312,0.0014627498849843078,0.03795957484847443,0.03720728763772465,0.0,0.03720728763772465,future_shift
5,design_cv,pca_plus_tda,pca_plus_tda_var_85_24h_h0_h1_C1,var_85,24,h0_h1,1.0,6,2024-08-06 17:00:00+00:00,2025-07-17 22:00:00+00:00,2025-07-17 23:00:00+00:00,2025-07-31 22:00:00+00:00,ok,broad_family,macro_fed_rates,4680,0.10114086693066972,0.2916602853085253,0.09656069889928726,0.2,0.10343930110071278,future_shift
5,design_cv,pca_plus_tda,pca_plus_tda_var_85_24h_h0_h1_C1,var_85,24,h0_h1,1.0,6,2024-08-06 17:00:00+00:00,2025-07-17 22:00:00+00:00,2025-07-17 23:00:00+00:00,2025-07-31 22:00:00+00:00,ok,active_market_count_bucket,26-50,10608,0.060054160853073545,0.17888495511717684,0.07825362659407019,0.08823529411764706,0.05221263863869752,future_shift
6,design_cv,pca_plus_tda,pca_plus_tda_var_85_24h_h0_h1_C1,var_85,24,h0_h1,1.0,6,2024-08-06 17:00:00+00:00,2025-07-31 22:00:00+00:00,2025-07-31 23:00:00+00:00,2025-08-14 22:00:00+00:00,ok,overall,overall,13609,0.0625577251780181,0.20737795812194934,0.13249009820643806,0.09030788448820633,0.05772441166824792,shuffle
6,design_cv,pca_plus_tda,pca_plus_tda_var_85_24h_h0_h1_C1,var_85,24,h0_h1,1.0,6,2024-08-06 17:00:00+00:00,2025-07-31 22:00:00+00:00,2025-07-31 23:00:00+00:00,2025-08-14 22:00:00+00:00,ok,broad_family,crypto_btc,3027,0.09734835493749631,0.2862044279125621,0.16167393201311445,0.0,0.16167393201311445,shuffle
6,design_cv,pca_plus_tda,pca_plus_tda_var_85_24h_h0_h1_C1,var_85,24,h0_h1,1.0,6,2024-08-06 17:00:00+00:00,2025-07-31 22:00:00+00:00,2025-07-31 23:00:00+00:00,2025-08-14 22:00:00+00:00,ok,broad_family,crypto_eth,1845,0.09447333567076535,0.3001957568175506,0.17885885859039727,0.0,0.17885885859039727,shuffle
6,design_cv,pca_plus_tda,pca_plus_tda_var_85_24h_h0_h1_C1,var_85,24,h0_h1,1.0,6,2024-08-06 17:00:00+00:00,2025-07-31 22:00:00+00:00,2025-07-31 23:00:00+00:00,2025-08-14 22:00:00+00:00,ok,broad_family,crypto_microstrategy,336,0.0004575193388475877,0.019679555323540918,0.0194464107003854,0.0,0.0194464107003854,shuffle
6,design_cv,pca_plus_tda,pca_plus_tda_var_85_24h_h0_h1_C1,var_85,24,h0_h1,1.0,6,2024-08-06 17:00:00+00:00,2025-07-31 22:00:00+00:00,2025-07-31 23:00:00+00:00,2025-08-14 22:00:00+00:00,ok,broad_family,crypto_policy,336,0.002632092321810464,0.0478626290828371,0.04648272108068428,0.0,0.0464827210806843,shuffle
6,design_cv,pca_plus_tda,pca_plus_tda_var_85_24h_h0_h1_C1,var_85,24,h0_h1,1.0,6,2024-08-06 17:00:00+00:00,2025-07-31 22:00:00+00:00,2025-07-31 23:00:00+00:00,2025-08-14 22:00:00+00:00,ok,broad_family,macro_fed_rates,8065,0.04728247956866757,0.17102423849985854,0.119221819207687,0.15238685678859268,0.05207666022299196,shuffle
6,design_cv,pca_plus_tda,pca_plus_tda_var_85_24h_h0_h1_C1,var_85,24,h0_h1,1.0,6,2024-08-06 17:00:00+00:00,2025-07-31 22:00:00+00:00,2025-07-31 23:00:00+00:00,2025-08-14 22:00:00+00:00,ok,active_market_count_bucket,26-50,3456,0.046024752177658584,0.14467176832338227,0.10191759035143802,0.09895833333333333,0.07239723799730419,shuffle
6,design_cv,pca_plus_tda,pca_plus_tda_var_85_24h_h0_h1_C1,var_85,24,h0_h1,1.0,6,2024-08-06 17:00:00+00:00,2025-07-31 22:00:00+00:00,2025-07-31 23:00:00+00:00,2025-08-14 22:00:00+00:00,ok,active_market_count_bucket,51-100,10153,0.06818541696263766,0.22872264362809014,0.14289673537248557,0.08736334088446765,0.06515744431143554,shuffle
6,design_cv,pca_plus_tda,pca_plus_tda_var_85_24h_h0_h1_C1,var_85,24,h0_h1,1.0,6,2024-08-06 17:00:00+00:00,2025-07-31 22:00:00+00:00,2025-07-31 23:00:00+00:00,2025-08-14 22:00:00+00:00,ok,overall,overall,12361,0.061719102472596425,0.2037842955410966,0.13262213726808048,0.09165925086967074,0.055202995421427176,future_shift
6,design_cv,pca_plus_tda,pca_plus_tda_var_85_24h_h0_h1_C1,var_85,24,h0_h1,1.0,6,2024-08-06 17:00:00+00:00,2025-07-31 22:00:00+00:00,2025-07-31 23:00:00+00:00,2025-08-14 22:00:00+00:00,ok,broad_family,crypto_btc,2787,0.09473070946596947,0.27846870015651487,0.15848540277973588,0.0,0.15848540277973588,future_shift
6,design_cv,pca_plus_tda,pca_plus_tda_var_85_24h_h0_h1_C1,var_85,24,h0_h1,1.0,6,2024-08-06 17:00:00+00:00,2025-07-31 22:00:00+00:00,2025-07-31 23:00:00+00:00,2025-08-14 22:00:00+00:00,ok,broad_family,crypto_eth,1701,0.08569901461892711,0.27360641101328076,0.16870800144456033,0.0,0.16870800144456033,future_shift
6,design_cv,pca_plus_tda,pca_plus_tda_var_85_24h_h0_h1_C1,var_85,24,h0_h1,1.0,6,2024-08-06 17:00:00+00:00,2025-07-31 22:00:00+00:00,2025-07-31 23:00:00+00:00,2025-08-14 22:00:00+00:00,ok,broad_family,crypto_microstrategy,312,0.0004673942121353777,0.019760597046117694,0.019522365333249875,0.0,0.019522365333249875,future_shift
6,design_cv,pca_plus_tda,pca_plus_tda_var_85_24h_h0_h1_C1,var_85,24,h0_h1,1.0,6,2024-08-06 17:00:00+00:00,2025-07-31 22:00:00+00:00,2025-07-31 23:00:00+00:00,2025-08-14 22:00:00+00:00,ok,broad_family,crypto_policy,312,0.002708764860282791,0.048263058980769026,0.04684188908501932,0.0,0.04684188908501933,future_shift
6,design_cv,pca_plus_tda,pca_plus_tda_var_85_24h_h0_h1_C1,var_85,24,h0_h1,1.0,6,2024-08-06 17:00:00+00:00,2025-07-31 22:00:00+00:00,2025-07-31 23:00:00+00:00,2025-08-14 22:00:00+00:00,ok,broad_family,macro_fed_rates,7249,0.04857640403982867,0.17330080342575652,0.12277079092121976,0.15629742033383914,0.04852145221096427,future_shift
6,design_cv,pca_plus_tda,pca_plus_tda_var_85_24h_h0_h1_C1,var_85,24,h0_h1,1.0,6,2024-08-06 17:00:00+00:00,2025-07-31 22:00:00+00:00,2025-07-31 23:00:00+00:00,2025-08-14 22:00:00+00:00,ok,active_market_count_bucket,26-50,3456,0.046490285522627746,0.14487210940697712,0.09931058379608118,0.09895833333333333,0.07216840109352447,future_shift
6,design_cv,pca_plus_tda,pca_plus_tda_var_85_24h_h0_h1_C1,var_85,24,h0_h1,1.0,6,2024-08-06 17:00:00+00:00,2025-07-31 22:00:00+00:00,2025-07-31 23:00:00+00:00,2025-08-14 22:00:00+00:00,ok,active_market_count_bucket,51-100,8905,0.06762935417153991,0.22664791320303002,0.14555023707709,0.0888265019651881,0.06752939666497433,future_shift
7,design_cv,pca_plus_tda,pca_plus_tda_fixed_5_168h_h0_h1_C0.01,fixed_5,168,h0_h1,0.01,5,2024-08-06 17:00:00+00:00,2025-08-14 22:00:00+00:00,2025-08-14 23:00:00+00:00,2025-08-28 22:00:00+00:00,ok,overall,overall,17867,0.05454861411366413,0.1898814701235961,0.07451140046926297,0.07522247719258969,0.043530980929072836,shuffle
7,design_cv,pca_plus_tda,pca_plus_tda_fixed_5_168h_h0_h1_C0.01,fixed_5,168,h0_h1,0.01,5,2024-08-06 17:00:00+00:00,2025-08-14 22:00:00+00:00,2025-08-14 23:00:00+00:00,2025-08-28 22:00:00+00:00,ok,broad_family,crypto_btc,3360,0.03590339482835001,0.11828077515963525,0.08823122228575234,0.0,0.08823122228575234,shuffle
7,design_cv,pca_plus_tda,pca_plus_tda_fixed_5_168h_h0_h1_C0.01,fixed_5,168,h0_h1,0.01,5,2024-08-06 17:00:00+00:00,2025-08-14 22:00:00+00:00,2025-08-14 23:00:00+00:00,2025-08-28 22:00:00+00:00,ok,broad_family,crypto_eth,2341,0.0920003313082186,0.27189794937615946,0.15725524263907198,0.0,0.15725524263907198,shuffle
7,design_cv,pca_plus_tda,pca_plus_tda_fixed_5_168h_h0_h1_C0.01,fixed_5,168,h0_h1,0.01,5,2024-08-06 17:00:00+00:00,2025-08-14 22:00:00+00:00,2025-08-14 23:00:00+00:00,2025-08-28 22:00:00+00:00,ok,broad_family,crypto_microstrategy,336,0.00010476546552600569,0.01018627025122346,0.01013351628569393,0.0,0.01013351628569393,shuffle
7,design_cv,pca_plus_tda,pca_plus_tda_fixed_5_168h_h0_h1_C0.01,fixed_5,168,h0_h1,0.01,5,2024-08-06 17:00:00+00:00,2025-08-14 22:00:00+00:00,2025-08-14 23:00:00+00:00,2025-08-28 22:00:00+00:00,ok,broad_family,crypto_policy,336,0.00046242145187487424,0.02134421991796995,0.02110945423419268,0.0,0.02110945423419268,shuffle
7,design_cv,pca_plus_tda,pca_plus_tda_fixed_5_168h_h0_h1_C0.01,fixed_5,168,h0_h1,0.01,5,2024-08-06 17:00:00+00:00,2025-08-14 22:00:00+00:00,2025-08-14 23:00:00+00:00,2025-08-28 22:00:00+00:00,ok,broad_family,macro_fed_rates,11494,0.05554387779265655,0.2042875829106907,0.057091188810809476,0.11693057247259439,0.06441337055848453,shuffle
7,design_cv,pca_plus_tda,pca_plus_tda_fixed_5_168h_h0_h1_C0.01,fixed_5,168,h0_h1,0.01,5,2024-08-06 17:00:00+00:00,2025-08-14 22:00:00+00:00,2025-08-14 23:00:00+00:00,2025-08-28 22:00:00+00:00,ok,active_market_count_bucket,51-100,17867,0.05454861411366413,0.1898814701235961,0.07451140046926297,0.07522247719258969,0.043530980929072836,shuffle
7,design_cv,pca_plus_tda,pca_plus_tda_fixed_5_168h_h0_h1_C0.01,fixed_5,168,h0_h1,0.01,5,2024-08-06 17:00:00+00:00,2025-08-14 22:00:00+00:00,2025-08-14 23:00:00+00:00,2025-08-28 22:00:00+00:00,ok,overall,overall,8893,0.052439234068420645,0.18454216747071617,0.0733728097624786,0.07556505116383673,0.05123460693216868,future_shift
7,design_cv,pca_plus_tda,pca_plus_tda_fixed_5_168h_h0_h1_C0.01,fixed_5,168,h0_h1,0.01,5,2024-08-06 17:00:00+00:00,2025-08-14 22:00:00+00:00,2025-08-14 23:00:00+00:00,2025-08-28 22:00:00+00:00,ok,broad_family,crypto_btc,1680,0.04419792670956546,0.13780807829350045,0.09903000760658397,0.0,0.09903000760658398,future_shift
7,design_cv,pca_plus_tda,pca_plus_tda_fixed_5_168h_h0_h1_C0.01,fixed_5,168,h0_h1,0.01,5,2024-08-06 17:00:00+00:00,2025-08-14 22:00:00+00:00,2025-08-14 23:00:00+00:00,2025-08-28 22:00:00+00:00,ok,broad_family,crypto_eth,1165,0.07050611803663133,0.20617635309457089,0.13644620197174473,0.0,0.13644620197174473,future_shift
7,design_cv,pca_plus_tda,pca_plus_tda_fixed_5_168h_h0_h1_C0.01,fixed_5,168,h0_h1,0.01,5,2024-08-06 17:00:00+00:00,2025-08-14 22:00:00+00:00,2025-08-14 23:00:00+00:00,2025-08-28 22:00:00+00:00,ok,broad_family,crypto_microstrategy,168,0.00010287523106112516,0.009995422335749219,0.009943613330484893,0.0,0.009943613330484893,future_shift
7,design_cv,pca_plus_tda,pca_plus_tda_fixed_5_168h_h0_h1_C0.01,fixed_5,168,h0_h1,0.01,5,2024-08-06 17:00:00+00:00,2025-08-14 22:00:00+00:00,2025-08-14 23:00:00+00:00,2025-08-28 22:00:00+00:00,ok,broad_family,crypto_policy,168,0.0005542130064836238,0.023677959423408116,0.023396345493491937,0.0,0.023396345493491937,future_shift
7,design_cv,pca_plus_tda,pca_plus_tda_fixed_5_168h_h0_h1_C0.01,fixed_5,168,h0_h1,0.01,5,2024-08-06 17:00:00+00:00,2025-08-14 22:00:00+00:00,2025-08-14 23:00:00+00:00,2025-08-28 22:00:00+00:00,ok,broad_family,macro_fed_rates,5712,0.05424362278743205,0.20374008128383836,0.05629780218122383,0.11764705882352941,0.0642394300086936,future_shift
7,design_cv,pca_plus_tda,pca_plus_tda_fixed_5_168h_h0_h1_C0.01,fixed_5,168,h0_h1,0.01,5,2024-08-06 17:00:00+00:00,2025-08-14 22:00:00+00:00,2025-08-14 23:00:00+00:00,2025-08-28 22:00:00+00:00,ok,active_market_count_bucket,51-100,8893,0.052439234068420645,0.18454216747071617,0.0733728097624786,0.07556505116383673,0.05123460693216868,future_shift
8,design_cv,pca_plus_tda,pca_plus_tda_fixed_5_168h_h0_h1_C0.01,fixed_5,168,h0_h1,0.01,5,2024-08-06 17:00:00+00:00,2025-08-28 22:00:00+00:00,2025-08-28 23:00:00+00:00,2025-09-11 22:00:00+00:00,ok,overall,overall,18148,0.045465882229412384,0.1589685742555127,0.07865647564915174,0.07405774741018294,0.0419042796215434,shuffle
8,design_cv,pca_plus_tda,pca_plus_tda_fixed_5_168h_h0_h1_C0.01,fixed_5,168,h0_h1,0.01,5,2024-08-06 17:00:00+00:00,2025-08-28 22:00:00+00:00,2025-08-28 23:00:00+00:00,2025-09-11 22:00:00+00:00,ok,broad_family,crypto_btc,3360,0.023463920340841556,0.09125424771611193,0.0742417801802485,0.0,0.0742417801802485,shuffle
8,design_cv,pca_plus_tda,pca_plus_tda_fixed_5_168h_h0_h1_C0.01,fixed_5,168,h0_h1,0.01,5,2024-08-06 17:00:00+00:00,2025-08-28 22:00:00+00:00,2025-08-28 23:00:00+00:00,2025-09-11 22:00:00+00:00,ok,broad_family,crypto_eth,2352,0.07705210631422608,0.22076167136154948,0.13963471460273616,0.0,0.13963471460273616,shuffle
8,design_cv,pca_plus_tda,pca_plus_tda_fixed_5_168h_h0_h1_C0.01,fixed_5,168,h0_h1,0.01,5,2024-08-06 17:00:00+00:00,2025-08-28 22:00:00+00:00,2025-08-28 23:00:00+00:00,2025-09-11 22:00:00+00:00,ok,broad_family,crypto_microstrategy,336,0.00014983328635508945,0.012270409515948984,0.012194868747660383,0.0,0.012194868747660383,shuffle
8,design_cv,pca_plus_tda,pca_plus_tda_fixed_5_168h_h0_h1_C0.01,fixed_5,168,h0_h1,0.01,5,2024-08-06 17:00:00+00:00,2025-08-28 22:00:00+00:00,2025-08-28 23:00:00+00:00,2025-09-11 22:00:00+00:00,ok,broad_family,crypto_policy,336,0.0006078885790569646,0.02492438179983004,0.024615322094345145,0.0,0.024615322094345145,shuffle
8,design_cv,pca_plus_tda,pca_plus_tda_fixed_5_168h_h0_h1_C0.01,fixed_5,168,h0_h1,0.01,5,2024-08-06 17:00:00+00:00,2025-08-28 22:00:00+00:00,2025-08-28 23:00:00+00:00,2025-09-11 22:00:00+00:00,ok,broad_family,macro_fed_rates,11764,0.04801044795616372,0.17397301192948333,0.07116765265272197,0.11424685481128868,0.05294251752384074,shuffle
8,design_cv,pca_plus_tda,pca_plus_tda_fixed_5_168h_h0_h1_C0.01,fixed_5,168,h0_h1,0.01,5,2024-08-06 17:00:00+00:00,2025-08-28 22:00:00+00:00,2025-08-28 23:00:00+00:00,2025-09-11 22:00:00+00:00,ok,active_market_count_bucket,51-100,18148,0.045465882229412384,0.1589685742555127,0.07865647564915174,0.07405774741018294,0.0419042796215434,shuffle
8,design_cv,pca_plus_tda,pca_plus_tda_fixed_5_168h_h0_h1_C0.01,fixed_5,168,h0_h1,0.01,5,2024-08-06 17:00:00+00:00,2025-08-28 22:00:00+00:00,2025-08-28 23:00:00+00:00,2025-09-11 22:00:00+00:00,ok,overall,overall,9072,0.04779514869241439,0.16643944900981686,0.07592061771660498,0.07407407407407407,0.04974980168128979,future_shift
8,design_cv,pca_plus_tda,pca_plus_tda_fixed_5_168h_h0_h1_C0.01,fixed_5,168,h0_h1,0.01,5,2024-08-06 17:00:00+00:00,2025-08-28 22:00:00+00:00,2025-08-28 23:00:00+00:00,2025-09-11 22:00:00+00:00,ok,broad_family,crypto_btc,1680,0.019854729156516506,0.08220269425251302,0.0683118680452766,0.0,0.06831186804527659,future_shift
8,design_cv,pca_plus_tda,pca_plus_tda_fixed_5_168h_h0_h1_C0.01,fixed_5,168,h0_h1,0.01,5,2024-08-06 17:00:00+00:00,2025-08-28 22:00:00+00:00,2025-08-28 23:00:00+00:00,2025-09-11 22:00:00+00:00,ok,broad_family,crypto_eth,1176,0.08148650336420916,0.2324619607194231,0.14473638377411618,0.0,0.14473638377411618,future_shift
8,design_cv,pca_plus_tda,pca_plus_tda_fixed_5_168h_h0_h1_C0.01,fixed_5,168,h0_h1,0.01,5,2024-08-06 17:00:00+00:00,2025-08-28 22:00:00+00:00,2025-08-28 23:00:00+00:00,2025-09-11 22:00:00+00:00,ok,broad_family,crypto_microstrategy,168,0.00015211577678477352,0.0123834582336713,0.012306765076834338,0.0,0.012306765076834338,future_shift
8,design_cv,pca_plus_tda,pca_plus_tda_fixed_5_168h_h0_h1_C0.01,fixed_5,168,h0_h1,0.01,5,2024-08-06 17:00:00+00:00,2025-08-28 22:00:00+00:00,2025-08-28 23:00:00+00:00,2025-09-11 22:00:00+00:00,ok,broad_family,crypto_policy,168,0.000572653406055948,0.024198660570716117,0.02390766903126356,0.0,0.02390766903126356,future_shift
8,design_cv,pca_plus_tda,pca_plus_tda_fixed_5_168h_h0_h1_C0.01,fixed_5,168,h0_h1,0.01,5,2024-08-06 17:00:00+00:00,2025-08-28 22:00:00+00:00,2025-08-28 23:00:00+00:00,2025-09-11 22:00:00+00:00,ok,broad_family,macro_fed_rates,5880,0.05175029843122593,0.1857682131475609,0.06763501587762832,0.11428571428571428,0.05161570694550819,future_shift
8,design_cv,pca_plus_tda,pca_plus_tda_fixed_5_168h_h0_h1_C0.01,fixed_5,168,h0_h1,0.01,5,2024-08-06 17:00:00+00:00,2025-08-28 22:00:00+00:00,2025-08-28 23:00:00+00:00,2025-09-11 22:00:00+00:00,ok,active_market_count_bucket,51-100,9072,0.04779514869241439,0.16643944900981686,0.07592061771660498,0.07407407407407407,0.04974980168128979,future_shift
9,design_cv,pca_plus_tda,pca_plus_tda_fixed_5_24h_h0_h1_C0.01,fixed_5,24,h0_h1,0.01,5,2024-08-06 17:00:00+00:00,2025-09-11 22:00:00+00:00,2025-09-11 23:00:00+00:00,2025-09-25 22:00:00+00:00,ok,overall,overall,18492,0.04161025791122326,0.1460791994870962,0.07960771590203759,0.07284231018818949,0.02932072089707371,shuffle
9,design_cv,pca_plus_tda,pca_plus_tda_fixed_5_24h_h0_h1_C0.01,fixed_5,24,h0_h1,0.01,5,2024-08-06 17:00:00+00:00,2025-09-11 22:00:00+00:00,2025-09-11 23:00:00+00:00,2025-09-25 22:00:00+00:00,ok,broad_family,crypto_btc,3360,0.02698850578662151,0.0977627035260924,0.07728286768813823,0.0,0.07728286768813823,shuffle
9,design_cv,pca_plus_tda,pca_plus_tda_fixed_5_24h_h0_h1_C0.01,fixed_5,24,h0_h1,0.01,5,2024-08-06 17:00:00+00:00,2025-09-11 22:00:00+00:00,2025-09-11 23:00:00+00:00,2025-09-25 22:00:00+00:00,ok,broad_family,crypto_eth,2352,0.08052437277412013,0.23303676668463633,0.1386029356362978,0.0,0.1386029356362978,shuffle
9,design_cv,pca_plus_tda,pca_plus_tda_fixed_5_24h_h0_h1_C0.01,fixed_5,24,h0_h1,0.01,5,2024-08-06 17:00:00+00:00,2025-09-11 22:00:00+00:00,2025-09-11 23:00:00+00:00,2025-09-25 22:00:00+00:00,ok,broad_family,crypto_microstrategy,336,0.00012640948688632113,0.011114462689411013,0.011050753863683012,0.0,0.011050753863683012,shuffle
9,design_cv,pca_plus_tda,pca_plus_tda_fixed_5_24h_h0_h1_C0.01,fixed_5,24,h0_h1,0.01,5,2024-08-06 17:00:00+00:00,2025-09-11 22:00:00+00:00,2025-09-11 23:00:00+00:00,2025-09-25 22:00:00+00:00,ok,broad_family,crypto_policy,336,0.0007562622834495417,0.02736267992110422,0.026977046341849567,0.0,0.026977046341849567,shuffle
9,design_cv,pca_plus_tda,pca_plus_tda_fixed_5_24h_h0_h1_C0.01,fixed_5,24,h0_h1,0.01,5,2024-08-06 17:00:00+00:00,2025-09-11 22:00:00+00:00,2025-09-11 23:00:00+00:00,2025-09-25 22:00:00+00:00,ok,broad_family,macro_fed_rates,12108,0.04039359162303674,0.1496352063023055,0.07215593009107227,0.11124876114965312,0.04511381084373341,shuffle
9,design_cv,pca_plus_tda,pca_plus_tda_fixed_5_24h_h0_h1_C0.01,fixed_5,24,h0_h1,0.01,5,2024-08-06 17:00:00+00:00,2025-09-11 22:00:00+00:00,2025-09-11 23:00:00+00:00,2025-09-25 22:00:00+00:00,ok,active_market_count_bucket,51-100,18492,0.04161025791122326,0.1460791994870962,0.07960771590203759,0.07284231018818949,0.02932072089707371,shuffle
9,design_cv,pca_plus_tda,pca_plus_tda_fixed_5_24h_h0_h1_C0.01,fixed_5,24,h0_h1,0.01,5,2024-08-06 17:00:00+00:00,2025-09-11 22:00:00+00:00,2025-09-11 23:00:00+00:00,2025-09-25 22:00:00+00:00,ok,overall,overall,17172,0.0425591302288866,0.1484389427520625,0.08090953086822746,0.07285115303983228,0.032130010030386603,future_shift
9,design_cv,pca_plus_tda,pca_plus_tda_fixed_5_24h_h0_h1_C0.01,fixed_5,24,h0_h1,0.01,5,2024-08-06 17:00:00+00:00,2025-09-11 22:00:00+00:00,2025-09-11 23:00:00+00:00,2025-09-25 22:00:00+00:00,ok,broad_family,crypto_btc,3120,0.028667086538659667,0.10173479871028178,0.07969128186233355,0.0,0.07969128186233355,future_shift
9,design_cv,pca_plus_tda,pca_plus_tda_fixed_5_24h_h0_h1_C0.01,fixed_5,24,h0_h1,0.01,5,2024-08-06 17:00:00+00:00,2025-09-11 22:00:00+00:00,2025-09-11 23:00:00+00:00,2025-09-25 22:00:00+00:00,ok,broad_family,crypto_eth,2184,0.0859837547060898,0.24734816417147373,0.1443752524115273,0.0,0.1443752524115273,future_shift
9,design_cv,pca_plus_tda,pca_plus_tda_fixed_5_24h_h0_h1_C0.01,fixed_5,24,h0_h1,0.01,5,2024-08-06 17:00:00+00:00,2025-09-11 22:00:00+00:00,2025-09-11 23:00:00+00:00,2025-09-25 22:00:00+00:00,ok,broad_family,crypto_microstrategy,312,0.0001254310579221106,0.01109613312494657,0.011032922893605227,0.0,0.011032922893605227,future_shift
9,design_cv,pca_plus_tda,pca_plus_tda_fixed_5_24h_h0_h1_C0.01,fixed_5,24,h0_h1,0.01,5,2024-08-06 17:00:00+00:00,2025-09-11 22:00:00+00:00,2025-09-11 23:00:00+00:00,2025-09-25 22:00:00+00:00,ok,broad_family,crypto_policy,312,0.0007541257785410566,0.027387727447556107,0.027003242856844495,0.0,0.027003242856844495,future_shift
9,design_cv,pca_plus_tda,pca_plus_tda_fixed_5_24h_h0_h1_C0.01,fixed_5,24,h0_h1,0.01,5,2024-08-06 17:00:00+00:00,2025-09-11 22:00:00+00:00,2025-09-11 23:00:00+00:00,2025-09-25 22:00:00+00:00,ok,broad_family,macro_fed_rates,11244,0.04031671400558038,0.14935659888947164,0.07235492971165113,0.11125933831376734,0.0448054759716636,future_shift
9,design_cv,pca_plus_tda,pca_plus_tda_fixed_5_24h_h0_h1_C0.01,fixed_5,24,h0_h1,0.01,5,2024-08-06 17:00:00+00:00,2025-09-11 22:00:00+00:00,2025-09-11 23:00:00+00:00,2025-09-25 22:00:00+00:00,ok,active_market_count_bucket,51-100,17172,0.0425591302288866,0.1484389427520625,0.08090953086822746,0.07285115303983228,0.032130010030386603,future_shift
10,design_cv,pca_plus_tda,pca_plus_tda_fixed_2_24h_h0_h1_C0.01,fixed_2,24,h0_h1,0.01,2,2024-08-06 17:00:00+00:00,2025-09-25 22:00:00+00:00,2025-09-25 23:00:00+00:00,2025-10-09 22:00:00+00:00,ok,overall,overall,19889,0.041065479057163005,0.14537738972927042,0.07868736511025372,0.06757504148021519,0.023813770002621335,shuffle
10,design_cv,pca_plus_tda,pca_plus_tda_fixed_2_24h_h0_h1_C0.01,fixed_2,24,h0_h1,0.01,2,2024-08-06 17:00:00+00:00,2025-09-25 22:00:00+00:00,2025-09-25 23:00:00+00:00,2025-10-09 22:00:00+00:00,ok,broad_family,crypto_btc,4358,0.03304444060657542,0.10987821777201262,0.0784841476497334,0.0,0.07848414764973338,shuffle
10,design_cv,pca_plus_tda,pca_plus_tda_fixed_2_24h_h0_h1_C0.01,fixed_2,24,h0_h1,0.01,2,2024-08-06 17:00:00+00:00,2025-09-25 22:00:00+00:00,2025-09-25 23:00:00+00:00,2025-10-09 22:00:00+00:00,ok,broad_family,crypto_eth,2970,0.06248891903518537,0.1888186582920091,0.13088398623412834,0.0,0.13088398623412834,shuffle
10,design_cv,pca_plus_tda,pca_plus_tda_fixed_2_24h_h0_h1_C0.01,fixed_2,24,h0_h1,0.01,2,2024-08-06 17:00:00+00:00,2025-09-25 22:00:00+00:00,2025-09-25 23:00:00+00:00,2025-10-09 22:00:00+00:00,ok,broad_family,crypto_microstrategy,336,0.00011982529249332837,0.010248859592527627,0.010188418008633446,0.0,0.010188418008633446,shuffle
10,design_cv,pca_plus_tda,pca_plus_tda_fixed_2_24h_h0_h1_C0.01,fixed_2,24,h0_h1,0.01,2,2024-08-06 17:00:00+00:00,2025-09-25 22:00:00+00:00,2025-09-25 23:00:00+00:00,2025-10-09 22:00:00+00:00,ok,broad_family,crypto_policy,336,0.0005435445155428197,0.02126133546962211,0.02098402968322873,0.0,0.02098402968322873,shuffle
10,design_cv,pca_plus_tda,pca_plus_tda_fixed_2_24h_h0_h1_C0.01,fixed_2,24,h0_h1,0.01,2,2024-08-06 17:00:00+00:00,2025-09-25 22:00:00+00:00,2025-09-25 23:00:00+00:00,2025-10-09 22:00:00+00:00,ok,broad_family,macro_fed_rates,11889,0.0409562334102497,0.15486439486978543,0.06928923439149395,0.11304567247035074,0.047423526164429686,shuffle
10,design_cv,pca_plus_tda,pca_plus_tda_fixed_2_24h_h0_h1_C0.01,fixed_2,24,h0_h1,0.01,2,2024-08-06 17:00:00+00:00,2025-09-25 22:00:00+00:00,2025-09-25 23:00:00+00:00,2025-10-09 22:00:00+00:00,ok,active_market_count_bucket,51-100,19889,0.041065479057163005,0.14537738972927042,0.07868736511025372,0.06757504148021519,0.023813770002621335,shuffle
10,design_cv,pca_plus_tda,pca_plus_tda_fixed_2_24h_h0_h1_C0.01,fixed_2,24,h0_h1,0.01,2,2024-08-06 17:00:00+00:00,2025-09-25 22:00:00+00:00,2025-09-25 23:00:00+00:00,2025-10-09 22:00:00+00:00,ok,overall,overall,18401,0.041033184750940074,0.14541922207554775,0.07867812448852668,0.06782240095646976,0.023885358204347534,future_shift
10,design_cv,pca_plus_tda,pca_plus_tda_fixed_2_24h_h0_h1_C0.01,fixed_2,24,h0_h1,0.01,2,2024-08-06 17:00:00+00:00,2025-09-25 22:00:00+00:00,2025-09-25 23:00:00+00:00,2025-10-09 22:00:00+00:00,ok,broad_family,crypto_btc,3998,0.03216445973717986,0.1078779549104126,0.07765654791200786,0.0,0.07765654791200788,future_shift
10,design_cv,pca_plus_tda,pca_plus_tda_fixed_2_24h_h0_h1_C0.01,fixed_2,24,h0_h1,0.01,2,2024-08-06 17:00:00+00:00,2025-09-25 22:00:00+00:00,2025-09-25 23:00:00+00:00,2025-10-09 22:00:00+00:00,ok,broad_family,crypto_eth,2730,0.06320969796396284,0.19059677999502658,0.1318865105453751,0.0,0.1318865105453751,future_shift
10,design_cv,pca_plus_tda,pca_plus_tda_fixed_2_24h_h0_h1_C0.01,fixed_2,24,h0_h1,0.01,2,2024-08-06 17:00:00+00:00,2025-09-25 22:00:00+00:00,2025-09-25 23:00:00+00:00,2025-10-09 22:00:00+00:00,ok,broad_family,crypto_microstrategy,312,0.00012372990192347551,0.010390100334068163,0.010327679597943637,0.0,0.010327679597943637,future_shift
10,design_cv,pca_plus_tda,pca_plus_tda_fixed_2_24h_h0_h1_C0.01,fixed_2,24,h0_h1,0.01,2,2024-08-06 17:00:00+00:00,2025-09-25 22:00:00+00:00,2025-09-25 23:00:00+00:00,2025-10-09 22:00:00+00:00,ok,broad_family,crypto_policy,312,0.0005697195269900987,0.021770303007401792,0.02147954012667398,0.0,0.02147954012667398,future_shift
10,design_cv,pca_plus_tda,pca_plus_tda_fixed_2_24h_h0_h1_C0.01,fixed_2,24,h0_h1,0.01,2,2024-08-06 17:00:00+00:00,2025-09-25 22:00:00+00:00,2025-09-25 23:00:00+00:00,2025-10-09 22:00:00+00:00,ok,broad_family,macro_fed_rates,11049,0.04106066530087462,0.15514524268724436,0.0694462181028344,0.11295139831658974,0.04747010911216369,future_shift
10,design_cv,pca_plus_tda,pca_plus_tda_fixed_2_24h_h0_h1_C0.01,fixed_2,24,h0_h1,0.01,2,2024-08-06 17:00:00+00:00,2025-09-25 22:00:00+00:00,2025-09-25 23:00:00+00:00,2025-10-09 22:00:00+00:00,ok,active_market_count_bucket,51-100,18401,0.041033184750940074,0.14541922207554775,0.07867812448852668,0.06782240095646976,0.023885358204347534,future_shift
11,design_cv,pca_plus_tda,pca_plus_tda_fixed_5_24h_h0_h1_C0.01,fixed_5,24,h0_h1,0.01,5,2024-08-06 17:00:00+00:00,2025-10-09 22:00:00+00:00,2025-10-09 23:00:00+00:00,2025-10-23 22:00:00+00:00,ok,overall,overall,20832,0.027371715383113192,0.1093322516975514,0.06279937967818347,0.06451612903225806,0.011789770900175875,shuffle
11,design_cv,pca_plus_tda,pca_plus_tda_fixed_5_24h_h0_h1_C0.01,fixed_5,24,h0_h1,0.01,5,2024-08-06 17:00:00+00:00,2025-10-09 22:00:00+00:00,2025-10-09 23:00:00+00:00,2025-10-23 22:00:00+00:00,ok,broad_family,crypto_btc,5040,0.008920862764819588,0.04894334213424522,0.04257611588298467,0.0,0.042576115882984676,shuffle
11,design_cv,pca_plus_tda,pca_plus_tda_fixed_5_24h_h0_h1_C0.01,fixed_5,24,h0_h1,0.01,5,2024-08-06 17:00:00+00:00,2025-10-09 22:00:00+00:00,2025-10-09 23:00:00+00:00,2025-10-23 22:00:00+00:00,ok,broad_family,crypto_eth,3360,0.012069764314840956,0.06092347298157242,0.052683729836158974,0.0,0.052683729836158974,shuffle
11,design_cv,pca_plus_tda,pca_plus_tda_fixed_5_24h_h0_h1_C0.01,fixed_5,24,h0_h1,0.01,5,2024-08-06 17:00:00+00:00,2025-10-09 22:00:00+00:00,2025-10-09 23:00:00+00:00,2025-10-23 22:00:00+00:00,ok,broad_family,crypto_microstrategy,336,0.00012304194072578417,0.01101738055286252,0.010955384594924903,0.0,0.010955384594924903,shuffle
11,design_cv,pca_plus_tda,pca_plus_tda_fixed_5_24h_h0_h1_C0.01,fixed_5,24,h0_h1,0.01,5,2024-08-06 17:00:00+00:00,2025-10-09 22:00:00+00:00,2025-10-09 23:00:00+00:00,2025-10-23 22:00:00+00:00,ok,broad_family,crypto_policy,336,0.000306890961503918,0.017513615054117897,0.01735830432885449,0.0,0.01735830432885449,shuffle
11,design_cv,pca_plus_tda,pca_plus_tda_fixed_5_24h_h0_h1_C0.01,fixed_5,24,h0_h1,0.01,5,2024-08-06 17:00:00+00:00,2025-10-09 22:00:00+00:00,2025-10-09 23:00:00+00:00,2025-10-23 22:00:00+00:00,ok,broad_family,macro_fed_rates,11760,0.04120302389228813,0.1544766785089087,0.07713625184334959,0.11428571428571428,0.04554769294359621,shuffle
11,design_cv,pca_plus_tda,pca_plus_tda_fixed_5_24h_h0_h1_C0.01,fixed_5,24,h0_h1,0.01,5,2024-08-06 17:00:00+00:00,2025-10-09 22:00:00+00:00,2025-10-09 23:00:00+00:00,2025-10-23 22:00:00+00:00,ok,active_market_count_bucket,51-100,20832,0.027371715383113192,0.1093322516975514,0.06279937967818347,0.06451612903225806,0.011789770900175875,shuffle
11,design_cv,pca_plus_tda,pca_plus_tda_fixed_5_24h_h0_h1_C0.01,fixed_5,24,h0_h1,0.01,5,2024-08-06 17:00:00+00:00,2025-10-09 22:00:00+00:00,2025-10-09 23:00:00+00:00,2025-10-23 22:00:00+00:00,ok,overall,overall,19344,0.02747343920835948,0.10958860032813171,0.06277528824177647,0.06451612903225806,0.013176954147221401,future_shift
11,design_cv,pca_plus_tda,pca_plus_tda_fixed_5_24h_h0_h1_C0.01,fixed_5,24,h0_h1,0.01,5,2024-08-06 17:00:00+00:00,2025-10-09 22:00:00+00:00,2025-10-09 23:00:00+00:00,2025-10-23 22:00:00+00:00,ok,broad_family,crypto_btc,4680,0.00934285943309208,0.049899495747684354,0.043147929446047416,0.0,0.04314792944604741,future_shift
11,design_cv,pca_plus_tda,pca_plus_tda_fixed_5_24h_h0_h1_C0.01,fixed_5,24,h0_h1,0.01,5,2024-08-06 17:00:00+00:00,2025-10-09 22:00:00+00:00,2025-10-09 23:00:00+00:00,2025-10-23 22:00:00+00:00,ok,broad_family,crypto_eth,3120,0.012722216803766914,0.06279367596632167,0.05405504837934613,0.0,0.054055048379346125,future_shift
11,design_cv,pca_plus_tda,pca_plus_tda_fixed_5_24h_h0_h1_C0.01,fixed_5,24,h0_h1,0.01,5,2024-08-06 17:00:00+00:00,2025-10-09 22:00:00+00:00,2025-10-09 23:00:00+00:00,2025-10-23 22:00:00+00:00,ok,broad_family,crypto_microstrategy,312,0.00011698606729167345,0.010760135605885335,0.010701204615532376,0.0,0.010701204615532376,future_shift
11,design_cv,pca_plus_tda,pca_plus_tda_fixed_5_24h_h0_h1_C0.01,fixed_5,24,h0_h1,0.01,5,2024-08-06 17:00:00+00:00,2025-10-09 22:00:00+00:00,2025-10-09 23:00:00+00:00,2025-10-23 22:00:00+00:00,ok,broad_family,crypto_policy,312,0.000290910720083006,0.017089230162916687,0.016942067402662585,0.0,0.016942067402662585,future_shift
11,design_cv,pca_plus_tda,pca_plus_tda_fixed_5_24h_h0_h1_C0.01,fixed_5,24,h0_h1,0.01,5,2024-08-06 17:00:00+00:00,2025-10-09 22:00:00+00:00,2025-10-09 23:00:00+00:00,2025-10-23 22:00:00+00:00,ok,broad_family,macro_fed_rates,10920,0.04101657927419609,0.1540061331056252,0.07647586209965068,0.11428571428571428,0.04604586681561718,future_shift
11,design_cv,pca_plus_tda,pca_plus_tda_fixed_5_24h_h0_h1_C0.01,fixed_5,24,h0_h1,0.01,5,2024-08-06 17:00:00+00:00,2025-10-09 22:00:00+00:00,2025-10-09 23:00:00+00:00,2025-10-23 22:00:00+00:00,ok,active_market_count_bucket,51-100,19344,0.02747343920835948,0.10958860032813171,0.06277528824177647,0.06451612903225806,0.013176954147221401,future_shift
12,design_cv,pca_plus_tda,pca_plus_tda_fixed_2_24h_h0_h1_C0.01,fixed_2,24,h0_h1,0.01,2,2024-08-06 17:00:00+00:00,2025-10-23 22:00:00+00:00,2025-10-23 23:00:00+00:00,2025-11-06 22:00:00+00:00,ok,overall,overall,19852,0.02666569455353743,0.10945188315540912,0.06739615766712359,0.05802941769091276,0.020973547798040573,shuffle
12,design_cv,pca_plus_tda,pca_plus_tda_fixed_2_24h_h0_h1_C0.01,fixed_2,24,h0_h1,0.01,2,2024-08-06 17:00:00+00:00,2025-10-23 22:00:00+00:00,2025-10-23 23:00:00+00:00,2025-11-06 22:00:00+00:00,ok,broad_family,crypto_btc,4813,0.015616046043575011,0.06848395515979637,0.053728037932117605,0.0,0.0537280379321176,shuffle
12,design_cv,pca_plus_tda,pca_plus_tda_fixed_2_24h_h0_h1_C0.01,fixed_2,24,h0_h1,0.01,2,2024-08-06 17:00:00+00:00,2025-10-23 22:00:00+00:00,2025-10-23 23:00:00+00:00,2025-11-06 22:00:00+00:00,ok,broad_family,crypto_eth,2955,0.006653856105462271,0.04521728946528828,0.04102814695706694,0.0,0.04102814695706693,shuffle
12,design_cv,pca_plus_tda,pca_plus_tda_fixed_2_24h_h0_h1_C0.01,fixed_2,24,h0_h1,0.01,2,2024-08-06 17:00:00+00:00,2025-10-23 22:00:00+00:00,2025-10-23 23:00:00+00:00,2025-11-06 22:00:00+00:00,ok,broad_family,crypto_microstrategy,336,0.0002734840928751771,0.016479105649127267,0.016340778245907857,0.0,0.016340778245907857,shuffle
12,design_cv,pca_plus_tda,pca_plus_tda_fixed_2_24h_h0_h1_C0.01,fixed_2,24,h0_h1,0.01,2,2024-08-06 17:00:00+00:00,2025-10-23 22:00:00+00:00,2025-10-23 23:00:00+00:00,2025-11-06 22:00:00+00:00,ok,broad_family,crypto_policy,336,0.0006514091955459032,0.02564105976263989,0.02530955327695748,0.0,0.02530955327695748,shuffle
12,design_cv,pca_plus_tda,pca_plus_tda_fixed_2_24h_h0_h1_C0.01,fixed_2,24,h0_h1,0.01,2,2024-08-06 17:00:00+00:00,2025-10-23 22:00:00+00:00,2025-10-23 23:00:00+00:00,2025-11-06 22:00:00+00:00,ok,broad_family,macro_fed_rates,11412,0.038050686096437795,0.14856782704773935,0.08273070362694006,0.10094637223974763,0.04866570002604134,shuffle
12,design_cv,pca_plus_tda,pca_plus_tda_fixed_2_24h_h0_h1_C0.01,fixed_2,24,h0_h1,0.01,2,2024-08-06 17:00:00+00:00,2025-10-23 22:00:00+00:00,2025-10-23 23:00:00+00:00,2025-11-06 22:00:00+00:00,ok,active_market_count_bucket,51-100,19852,0.02666569455353743,0.10945188315540912,0.06739615766712359,0.05802941769091276,0.020973547798040573,shuffle
12,design_cv,pca_plus_tda,pca_plus_tda_fixed_2_24h_h0_h1_C0.01,fixed_2,24,h0_h1,0.01,2,2024-08-06 17:00:00+00:00,2025-10-23 22:00:00+00:00,2025-10-23 23:00:00+00:00,2025-11-06 22:00:00+00:00,ok,overall,overall,18508,0.026917545450860395,0.10974320627130514,0.06685345779014522,0.05835314458612492,0.020557589640762788,future_shift
12,design_cv,pca_plus_tda,pca_plus_tda_fixed_2_24h_h0_h1_C0.01,fixed_2,24,h0_h1,0.01,2,2024-08-06 17:00:00+00:00,2025-10-23 22:00:00+00:00,2025-10-23 23:00:00+00:00,2025-11-06 22:00:00+00:00,ok,broad_family,crypto_btc,4477,0.015935272822453637,0.06805894043168884,0.052839290798147746,0.0,0.05283929079814774,future_shift
12,design_cv,pca_plus_tda,pca_plus_tda_fixed_2_24h_h0_h1_C0.01,fixed_2,24,h0_h1,0.01,2,2024-08-06 17:00:00+00:00,2025-10-23 22:00:00+00:00,2025-10-23 23:00:00+00:00,2025-11-06 22:00:00+00:00,ok,broad_family,crypto_eth,2787,0.0068342492256178045,0.045610632153489476,0.04131512648413163,0.0,0.041315126484131624,future_shift
12,design_cv,pca_plus_tda,pca_plus_tda_fixed_2_24h_h0_h1_C0.01,fixed_2,24,h0_h1,0.01,2,2024-08-06 17:00:00+00:00,2025-10-23 22:00:00+00:00,2025-10-23 23:00:00+00:00,2025-11-06 22:00:00+00:00,ok,broad_family,crypto_microstrategy,312,0.0002554132206816315,0.015926009837600997,0.015796873613086865,0.0,0.015796873613086865,future_shift
12,design_cv,pca_plus_tda,pca_plus_tda_fixed_2_24h_h0_h1_C0.01,fixed_2,24,h0_h1,0.01,2,2024-08-06 17:00:00+00:00,2025-10-23 22:00:00+00:00,2025-10-23 23:00:00+00:00,2025-11-06 22:00:00+00:00,ok,broad_family,crypto_policy,312,0.0006399241969160552,0.02539810734187863,0.025072489114920406,0.0,0.025072489114920406,future_shift
12,design_cv,pca_plus_tda,pca_plus_tda_fixed_2_24h_h0_h1_C0.01,fixed_2,24,h0_h1,0.01,2,2024-08-06 17:00:00+00:00,2025-10-23 22:00:00+00:00,2025-10-23 23:00:00+00:00,2025-11-06 22:00:00+00:00,ok,broad_family,macro_fed_rates,10620,0.03837300535897476,0.1493801722207977,0.08219075265482928,0.1016949152542373,0.04877155562816719,future_shift
12,design_cv,pca_plus_tda,pca_plus_tda_fixed_2_24h_h0_h1_C0.01,fixed_2,24,h0_h1,0.01,2,2024-08-06 17:00:00+00:00,2025-10-23 22:00:00+00:00,2025-10-23 23:00:00+00:00,2025-11-06 22:00:00+00:00,ok,active_market_count_bucket,51-100,18508,0.026917545450860395,0.10974320627130514,0.06685345779014522,0.05835314458612492,0.020557589640762788,future_shift
13,design_cv,pca_plus_tda,pca_plus_tda_fixed_2_24h_h0_h1_C0.01,fixed_2,24,h0_h1,0.01,2,2024-08-06 17:00:00+00:00,2025-11-06 22:00:00+00:00,2025-11-06 23:00:00+00:00,2025-11-20 22:00:00+00:00,ok,overall,overall,19804,0.033006043829847564,0.1261573512903421,0.07333368909944432,0.06165421127045041,0.025415377434606163,shuffle
13,design_cv,pca_plus_tda,pca_plus_tda_fixed_2_24h_h0_h1_C0.01,fixed_2,24,h0_h1,0.01,2,2024-08-06 17:00:00+00:00,2025-11-06 22:00:00+00:00,2025-11-06 23:00:00+00:00,2025-11-20 22:00:00+00:00,ok,broad_family,crypto_btc,4857,0.012197450970401185,0.06497939566352516,0.054979507740844195,0.0,0.05497950774084419,shuffle
13,design_cv,pca_plus_tda,pca_plus_tda_fixed_2_24h_h0_h1_C0.01,fixed_2,24,h0_h1,0.01,2,2024-08-06 17:00:00+00:00,2025-11-06 22:00:00+00:00,2025-11-06 23:00:00+00:00,2025-11-20 22:00:00+00:00,ok,broad_family,crypto_eth,2352,0.0007671355940637799,0.02413766196432537,0.023741904878339076,0.0,0.023741904878339076,shuffle
13,design_cv,pca_plus_tda,pca_plus_tda_fixed_2_24h_h0_h1_C0.01,fixed_2,24,h0_h1,0.01,2,2024-08-06 17:00:00+00:00,2025-11-06 22:00:00+00:00,2025-11-06 23:00:00+00:00,2025-11-20 22:00:00+00:00,ok,broad_family,crypto_microstrategy,359,0.04715140006623953,0.14321617280653565,0.028234862720354012,0.06406685236768803,0.07358087497813531,shuffle
13,design_cv,pca_plus_tda,pca_plus_tda_fixed_2_24h_h0_h1_C0.01,fixed_2,24,h0_h1,0.01,2,2024-08-06 17:00:00+00:00,2025-11-06 22:00:00+00:00,2025-11-06 23:00:00+00:00,2025-11-20 22:00:00+00:00,ok,broad_family,crypto_policy,336,0.00044255412453195745,0.020970385831039513,0.02074584302699628,0.0,0.02074584302699628,shuffle
13,design_cv,pca_plus_tda,pca_plus_tda_fixed_2_24h_h0_h1_C0.01,fixed_2,24,h0_h1,0.01,2,2024-08-06 17:00:00+00:00,2025-11-06 22:00:00+00:00,2025-11-06 23:00:00+00:00,2025-11-20 22:00:00+00:00,ok,broad_family,macro_fed_rates,11900,0.04836372427867242,0.17374645576464912,0.09347201937651965,0.10067226890756302,0.04810492192071275,shuffle
13,design_cv,pca_plus_tda,pca_plus_tda_fixed_2_24h_h0_h1_C0.01,fixed_2,24,h0_h1,0.01,2,2024-08-06 17:00:00+00:00,2025-11-06 22:00:00+00:00,2025-11-06 23:00:00+00:00,2025-11-20 22:00:00+00:00,ok,active_market_count_bucket,51-100,19804,0.033006043829847564,0.1261573512903421,0.07333368909944432,0.06165421127045041,0.025415377434606163,shuffle
13,design_cv,pca_plus_tda,pca_plus_tda_fixed_2_24h_h0_h1_C0.01,fixed_2,24,h0_h1,0.01,2,2024-08-06 17:00:00+00:00,2025-11-06 22:00:00+00:00,2025-11-06 23:00:00+00:00,2025-11-20 22:00:00+00:00,ok,overall,overall,18269,0.030150628658457284,0.11836745788775031,0.07366879457048378,0.06032076194646669,0.03108893556819356,future_shift
13,design_cv,pca_plus_tda,pca_plus_tda_fixed_2_24h_h0_h1_C0.01,fixed_2,24,h0_h1,0.01,2,2024-08-06 17:00:00+00:00,2025-11-06 22:00:00+00:00,2025-11-06 23:00:00+00:00,2025-11-20 22:00:00+00:00,ok,broad_family,crypto_btc,4473,0.011237202040922096,0.06311767037788865,0.05401909945291331,0.0,0.05401909945291332,future_shift
13,design_cv,pca_plus_tda,pca_plus_tda_fixed_2_24h_h0_h1_C0.01,fixed_2,24,h0_h1,0.01,2,2024-08-06 17:00:00+00:00,2025-11-06 22:00:00+00:00,2025-11-06 23:00:00+00:00,2025-11-20 22:00:00+00:00,ok,broad_family,crypto_eth,2184,0.0007997938913691054,0.02485607844936757,0.024443417730503732,0.0,0.024443417730503732,future_shift
13,design_cv,pca_plus_tda,pca_plus_tda_fixed_2_24h_h0_h1_C0.01,fixed_2,24,h0_h1,0.01,2,2024-08-06 17:00:00+00:00,2025-11-06 22:00:00+00:00,2025-11-06 23:00:00+00:00,2025-11-20 22:00:00+00:00,ok,broad_family,crypto_microstrategy,312,0.00043418727631284836,0.020800032850553183,0.020579744809745195,0.0,0.020579744809745195,future_shift
13,design_cv,pca_plus_tda,pca_plus_tda_fixed_2_24h_h0_h1_C0.01,fixed_2,24,h0_h1,0.01,2,2024-08-06 17:00:00+00:00,2025-11-06 22:00:00+00:00,2025-11-06 23:00:00+00:00,2025-11-20 22:00:00+00:00,ok,broad_family,crypto_policy,312,0.000449630899643326,0.021279308234365846,0.02105119298736963,0.0,0.02105119298736963,future_shift
13,design_cv,pca_plus_tda,pca_plus_tda_fixed_2_24h_h0_h1_C0.01,fixed_2,24,h0_h1,0.01,2,2024-08-06 17:00:00+00:00,2025-11-06 22:00:00+00:00,2025-11-06 23:00:00+00:00,2025-11-20 22:00:00+00:00,ok,broad_family,macro_fed_rates,10988,0.0453708890701368,0.1649722714596925,0.09445344914808579,0.10029122679286494,0.05176859720471777,future_shift
13,design_cv,pca_plus_tda,pca_plus_tda_fixed_2_24h_h0_h1_C0.01,fixed_2,24,h0_h1,0.01,2,2024-08-06 17:00:00+00:00,2025-11-06 22:00:00+00:00,2025-11-06 23:00:00+00:00,2025-11-20 22:00:00+00:00,ok,active_market_count_bucket,51-100,18269,0.030150628658457284,0.11836745788775031,0.07366879457048378,0.06032076194646669,0.03108893556819356,future_shift
14,design_cv,pca_plus_tda,pca_plus_tda_fixed_5_24h_h0_h1_C0.01,fixed_5,24,h0_h1,0.01,5,2024-08-06 17:00:00+00:00,2025-11-20 22:00:00+00:00,2025-11-20 23:00:00+00:00,2025-12-01 19:00:00+00:00,ok,overall,overall,16845,0.04643015879664528,0.16856359680570565,0.07420748954354085,0.07747105966162066,0.0358772562864734,shuffle
14,design_cv,pca_plus_tda,pca_plus_tda_fixed_5_24h_h0_h1_C0.01,fixed_5,24,h0_h1,0.01,5,2024-08-06 17:00:00+00:00,2025-11-20 22:00:00+00:00,2025-11-20 23:00:00+00:00,2025-12-01 19:00:00+00:00,ok,broad_family,crypto_btc,4154,0.02246567023248324,0.08424699972792239,0.06350747961018129,0.0,0.06350747961018129,shuffle
14,design_cv,pca_plus_tda,pca_plus_tda_fixed_5_24h_h0_h1_C0.01,fixed_5,24,h0_h1,0.01,5,2024-08-06 17:00:00+00:00,2025-11-20 22:00:00+00:00,2025-11-20 23:00:00+00:00,2025-12-01 19:00:00+00:00,ok,broad_family,crypto_eth,1827,0.0001872832545392442,0.01368714218494279,0.013592617675839911,0.0,0.013592617675839911,shuffle
14,design_cv,pca_plus_tda,pca_plus_tda_fixed_5_24h_h0_h1_C0.01,fixed_5,24,h0_h1,0.01,5,2024-08-06 17:00:00+00:00,2025-11-20 22:00:00+00:00,2025-11-20 23:00:00+00:00,2025-12-01 19:00:00+00:00,ok,broad_family,crypto_microstrategy,522,0.4377860123802516,1.455859570255091,0.040793555439225984,0.5,0.459206444560774,shuffle
14,design_cv,pca_plus_tda,pca_plus_tda_fixed_5_24h_h0_h1_C0.01,fixed_5,24,h0_h1,0.01,5,2024-08-06 17:00:00+00:00,2025-11-20 22:00:00+00:00,2025-11-20 23:00:00+00:00,2025-12-01 19:00:00+00:00,ok,broad_family,crypto_policy,261,0.0002535427413798953,0.01601087721562688,0.015882733278796177,0.0,0.015882733278796177,shuffle
14,design_cv,pca_plus_tda,pca_plus_tda_fixed_5_24h_h0_h1_C0.01,fixed_5,24,h0_h1,0.01,5,2024-08-06 17:00:00+00:00,2025-11-20 22:00:00+00:00,2025-11-20 23:00:00+00:00,2025-12-01 19:00:00+00:00,ok,broad_family,macro_fed_rates,10081,0.04561660461856161,0.1686685654125578,0.09284215348094943,0.10356115464735641,0.050944553723727595,shuffle
14,design_cv,pca_plus_tda,pca_plus_tda_fixed_5_24h_h0_h1_C0.01,fixed_5,24,h0_h1,0.01,5,2024-08-06 17:00:00+00:00,2025-11-20 22:00:00+00:00,2025-11-20 23:00:00+00:00,2025-12-01 19:00:00+00:00,ok,active_market_count_bucket,51-100,16845,0.04643015879664528,0.16856359680570565,0.07420748954354085,0.07747105966162066,0.0358772562864734,shuffle
14,design_cv,pca_plus_tda,pca_plus_tda_fixed_5_24h_h0_h1_C0.01,fixed_5,24,h0_h1,0.01,5,2024-08-06 17:00:00+00:00,2025-11-20 22:00:00+00:00,2025-11-20 23:00:00+00:00,2025-12-01 19:00:00+00:00,ok,overall,overall,15307,0.045995712013508834,0.16744953509978067,0.0751871058984042,0.07741556150780689,0.03612107714453765,future_shift
14,design_cv,pca_plus_tda,pca_plus_tda_fixed_5_24h_h0_h1_C0.01,fixed_5,24,h0_h1,0.01,5,2024-08-06 17:00:00+00:00,2025-11-20 22:00:00+00:00,2025-11-20 23:00:00+00:00,2025-12-01 19:00:00+00:00,ok,broad_family,crypto_btc,3792,0.023093482867410142,0.08674159309391656,0.06528220663368324,0.0,0.06528220663368324,future_shift
14,design_cv,pca_plus_tda,pca_plus_tda_fixed_5_24h_h0_h1_C0.01,fixed_5,24,h0_h1,0.01,5,2024-08-06 17:00:00+00:00,2025-11-20 22:00:00+00:00,2025-11-20 23:00:00+00:00,2025-12-01 19:00:00+00:00,ok,broad_family,crypto_eth,1659,0.00020322997785079546,0.014256193675023371,0.01415357901378103,0.0,0.01415357901378103,future_shift
14,design_cv,pca_plus_tda,pca_plus_tda_fixed_5_24h_h0_h1_C0.01,fixed_5,24,h0_h1,0.01,5,2024-08-06 17:00:00+00:00,2025-11-20 22:00:00+00:00,2025-11-20 23:00:00+00:00,2025-12-01 19:00:00+00:00,ok,broad_family,crypto_microstrategy,474,0.4381649855341475,1.4541651492694905,0.04067789898741101,0.5,0.45932210101258897,future_shift
14,design_cv,pca_plus_tda,pca_plus_tda_fixed_5_24h_h0_h1_C0.01,fixed_5,24,h0_h1,0.01,5,2024-08-06 17:00:00+00:00,2025-11-20 22:00:00+00:00,2025-11-20 23:00:00+00:00,2025-12-01 19:00:00+00:00,ok,broad_family,crypto_policy,237,0.00027612721691970933,0.01671834144072243,0.016578718063942222,0.0,0.016578718063942222,future_shift
14,design_cv,pca_plus_tda,pca_plus_tda_fixed_5_24h_h0_h1_C0.01,fixed_5,24,h0_h1,0.01,5,2024-08-06 17:00:00+00:00,2025-11-20 22:00:00+00:00,2025-11-20 23:00:00+00:00,2025-12-01 19:00:00+00:00,ok,broad_family,macro_fed_rates,9145,0.04465752574420012,0.16591999560176682,0.09367388021289187,0.10366320393657737,0.04902620414777099,future_shift
14,design_cv,pca_plus_tda,pca_plus_tda_fixed_5_24h_h0_h1_C0.01,fixed_5,24,h0_h1,0.01,5,2024-08-06 17:00:00+00:00,2025-11-20 22:00:00+00:00,2025-11-20 23:00:00+00:00,2025-12-01 19:00:00+00:00,ok,active_market_count_bucket,51-100,15307,0.045995712013508834,0.16744953509978067,0.0751871058984042,0.07741556150780689,0.03612107714453765,future_shift
999,locked_holdout,pca_plus_tda,pca_plus_tda_var_85_24h_h0_h1_C1,var_85,24,h0_h1,1.0,6,2024-08-06 17:00:00+00:00,2025-12-01 19:00:00+00:00,2025-12-01 20:00:00+00:00,2026-04-01 08:00:00+00:00,ok,overall,overall,120760,0.046752138619111594,0.1712372383806449,0.09285038708643364,0.1019294468367009,0.019474055701789245,shuffle
999,locked_holdout,pca_plus_tda,pca_plus_tda_var_85_24h_h0_h1_C1,var_85,24,h0_h1,1.0,6,2024-08-06 17:00:00+00:00,2025-12-01 19:00:00+00:00,2025-12-01 20:00:00+00:00,2026-04-01 08:00:00+00:00,ok,broad_family,crypto_btc,22832,0.006476434828660011,0.04317007729409446,0.03843230763665041,0.0,0.03843230763665042,shuffle
999,locked_holdout,pca_plus_tda,pca_plus_tda_var_85_24h_h0_h1_C1,var_85,24,h0_h1,1.0,6,2024-08-06 17:00:00+00:00,2025-12-01 19:00:00+00:00,2025-12-01 20:00:00+00:00,2026-04-01 08:00:00+00:00,ok,broad_family,crypto_eth,6610,0.00024250568417012608,0.01549668558311452,0.01537410511476807,0.0,0.01537410511476807,shuffle
999,locked_holdout,pca_plus_tda,pca_plus_tda_var_85_24h_h0_h1_C1,var_85,24,h0_h1,1.0,6,2024-08-06 17:00:00+00:00,2025-12-01 19:00:00+00:00,2025-12-01 20:00:00+00:00,2026-04-01 08:00:00+00:00,ok,broad_family,crypto_microstrategy,3719,0.7202890306084162,2.6044955184653924,0.03303071693284171,0.7778972842161872,0.7448665672833454,shuffle
999,locked_holdout,pca_plus_tda,pca_plus_tda_var_85_24h_h0_h1_C1,var_85,24,h0_h1,1.0,6,2024-08-06 17:00:00+00:00,2025-12-01 19:00:00+00:00,2025-12-01 20:00:00+00:00,2026-04-01 08:00:00+00:00,ok,broad_family,crypto_policy,734,0.00023956646217986003,0.01549455178728934,0.015373492316660256,0.0,0.015373492316660256,shuffle
999,locked_holdout,pca_plus_tda,pca_plus_tda_var_85_24h_h0_h1_C1,var_85,24,h0_h1,1.0,6,2024-08-06 17:00:00+00:00,2025-12-01 19:00:00+00:00,2025-12-01 20:00:00+00:00,2026-04-01 08:00:00+00:00,ok,broad_family,macro_fed_rates,86865,0.03243405963791683,0.11388965378666735,0.11626521708577038,0.10839808898866056,0.027060474532534767,shuffle
999,locked_holdout,pca_plus_tda,pca_plus_tda_var_85_24h_h0_h1_C1,var_85,24,h0_h1,1.0,6,2024-08-06 17:00:00+00:00,2025-12-01 19:00:00+00:00,2025-12-01 20:00:00+00:00,2026-04-01 08:00:00+00:00,ok,active_market_count_bucket,26-50,75089,0.04744182910085597,0.1784597867616066,0.10308575793366624,0.11510341061939831,0.022091273299693723,shuffle
999,locked_holdout,pca_plus_tda,pca_plus_tda_var_85_24h_h0_h1_C1,var_85,24,h0_h1,1.0,6,2024-08-06 17:00:00+00:00,2025-12-01 19:00:00+00:00,2025-12-01 20:00:00+00:00,2026-04-01 08:00:00+00:00,ok,active_market_count_bucket,51-100,45671,0.04561819873201248,0.15936243959414942,0.07602212053768619,0.08026975542466773,0.02188577185885134,shuffle
999,locked_holdout,pca_plus_tda,pca_plus_tda_var_85_24h_h0_h1_C1,var_85,24,h0_h1,1.0,6,2024-08-06 17:00:00+00:00,2025-12-01 19:00:00+00:00,2025-12-01 20:00:00+00:00,2026-04-01 08:00:00+00:00,ok,overall,overall,120304,0.04669443654362114,0.17078702695233447,0.09404696118454649,0.10171731613246443,0.01947705732813963,future_shift
999,locked_holdout,pca_plus_tda,pca_plus_tda_var_85_24h_h0_h1_C1,var_85,24,h0_h1,1.0,6,2024-08-06 17:00:00+00:00,2025-12-01 19:00:00+00:00,2025-12-01 20:00:00+00:00,2026-04-01 08:00:00+00:00,ok,broad_family,crypto_btc,22640,0.006584606471708363,0.043728610326289795,0.03889645834928766,0.0,0.03889645834928766,future_shift
999,locked_holdout,pca_plus_tda,pca_plus_tda_var_85_24h_h0_h1_C1,var_85,24,h0_h1,1.0,6,2024-08-06 17:00:00+00:00,2025-12-01 19:00:00+00:00,2025-12-01 20:00:00+00:00,2026-04-01 08:00:00+00:00,ok,broad_family,crypto_eth,6586,0.00025125026318603824,0.015747838891349824,0.015620804120506676,0.0,0.015620804120506676,future_shift
999,locked_holdout,pca_plus_tda,pca_plus_tda_var_85_24h_h0_h1_C1,var_85,24,h0_h1,1.0,6,2024-08-06 17:00:00+00:00,2025-12-01 19:00:00+00:00,2025-12-01 20:00:00+00:00,2026-04-01 08:00:00+00:00,ok,broad_family,crypto_microstrategy,3695,0.7166802686129803,2.572640102886031,0.034262062409399024,0.7764546684709066,0.7421926060615077,future_shift
999,locked_holdout,pca_plus_tda,pca_plus_tda_var_85_24h_h0_h1_C1,var_85,24,h0_h1,1.0,6,2024-08-06 17:00:00+00:00,2025-12-01 19:00:00+00:00,2025-12-01 20:00:00+00:00,2026-04-01 08:00:00+00:00,ok,broad_family,crypto_policy,734,0.0002496618299979618,0.01579836627433633,0.015672169999917787,0.0,0.015672169999917787,future_shift
999,locked_holdout,pca_plus_tda,pca_plus_tda_var_85_24h_h0_h1_C1,var_85,24,h0_h1,1.0,6,2024-08-06 17:00:00+00:00,2025-12-01 19:00:00+00:00,2025-12-01 20:00:00+00:00,2026-04-01 08:00:00+00:00,ok,broad_family,macro_fed_rates,86649,0.032527558597130905,0.1146594917972368,0.11763124204546484,0.10811434638599407,0.02850247027864568,future_shift
999,locked_holdout,pca_plus_tda,pca_plus_tda_var_85_24h_h0_h1_C1,var_85,24,h0_h1,1.0,6,2024-08-06 17:00:00+00:00,2025-12-01 19:00:00+00:00,2025-12-01 20:00:00+00:00,2026-04-01 08:00:00+00:00,ok,active_market_count_bucket,26-50,74633,0.0473582081644646,0.17780512449474203,0.10459630925788414,0.11484195999088875,0.02230888657466002,future_shift
999,locked_holdout,pca_plus_tda,pca_plus_tda_var_85_24h_h0_h1_C1,var_85,24,h0_h1,1.0,6,2024-08-06 17:00:00+00:00,2025-12-01 19:00:00+00:00,2025-12-01 20:00:00+00:00,2026-04-01 08:00:00+00:00,ok,active_market_count_bucket,51-100,45671,0.04560973799578092,0.15931844352121838,0.0768078051608683,0.08026975542466773,0.021465165895136785,future_shift
