fold,representation,model,class_weight,prob_decile,n_obs,avg_pred,avg_actual
1,market_probability,market_probability,none,0,8151,0.032387317359643945,0.0
1,market_probability,market_probability,none,1,2350,0.15110787234042553,0.09489361702127659
1,market_probability,market_probability,none,2,820,0.25102439024390244,0.01097560975609756
1,market_probability,market_probability,none,3,1156,0.3427378892733564,0.03892733564013841
1,market_probability,market_probability,none,4,525,0.4473047619047619,0.0
1,market_probability,market_probability,none,5,731,0.5653214774281806,0.655266757865937
1,market_probability,market_probability,none,6,451,0.6429933481152994,0.5099778270509978
1,market_probability,market_probability,none,7,568,0.7453080985915492,0.5017605633802817
1,market_probability,market_probability,none,8,97,0.8322164948453608,0.14432989690721648
1,market_probability,market_probability,none,9,1,0.905,0.0
1,tda,tda_168h_balanced,balanced,0,13162,0.00907086968818885,0.043230512080230966
1,tda,tda_168h_balanced,balanced,1,448,0.14707915555086656,0.48214285714285715
1,tda,tda_168h_balanced,balanced,2,410,0.25391955455796394,0.3926829268292683
1,tda,tda_168h_balanced,balanced,3,249,0.3469669865225821,0.2931726907630522
1,tda,tda_168h_balanced,balanced,4,134,0.4397956676834386,0.35074626865671643
1,tda,tda_168h_balanced,balanced,5,64,0.5613136445276217,0.203125
1,tda,tda_168h_balanced,balanced,6,97,0.644672399162862,0.32989690721649484
1,tda,tda_168h_balanced,balanced,7,87,0.7660719375221331,0.40229885057471265
1,tda,tda_168h_balanced,balanced,8,88,0.8164001730981618,0.9204545454545454
1,tda,tda_168h_balanced,balanced,9,111,0.9309110728924856,0.5225225225225225
1,tda,tda_168h_standard,standard,0,14407,0.0053740549756000735,0.07406122024016103
1,tda,tda_168h_standard,standard,1,180,0.1447483889349444,0.24444444444444444
1,tda,tda_168h_standard,standard,2,35,0.2373402371585808,0.11428571428571428
1,tda,tda_168h_standard,standard,3,112,0.3190269620046382,1.0
1,tda,tda_168h_standard,standard,4,12,0.4827614761852684,0.0
1,tda,tda_168h_standard,standard,5,81,0.5484792053145534,0.43209876543209874
1,tda,tda_168h_standard,standard,6,23,0.6410870892072632,1.0
1,tda,tda_24h_balanced,balanced,0,12751,0.00949269322481647,0.03717355501529292
1,tda,tda_24h_balanced,balanced,1,805,0.13580730421858234,0.4335403726708075
1,tda,tda_24h_balanced,balanced,2,254,0.24711934604334762,0.3661417322834646
1,tda,tda_24h_balanced,balanced,3,277,0.34365732604764143,0.26353790613718414
1,tda,tda_24h_balanced,balanced,4,297,0.4449926523987288,0.23232323232323232
1,tda,tda_24h_balanced,balanced,5,139,0.5465598746481978,0.2805755395683453
1,tda,tda_24h_balanced,balanced,6,41,0.6281393827395798,0.34146341463414637
1,tda,tda_24h_balanced,balanced,7,46,0.7400675876362174,0.0
1,tda,tda_24h_balanced,balanced,8,119,0.8831445466452278,0.9327731092436975
1,tda,tda_24h_balanced,balanced,9,121,0.9576051216353328,0.5206611570247934
1,tda,tda_24h_standard,standard,0,14359,0.006313623893378188,0.07403022494602689
1,tda,tda_24h_standard,standard,1,206,0.12367546955725944,0.23300970873786409
1,tda,tda_24h_standard,standard,2,45,0.23716946664519487,0.0
1,tda,tda_24h_standard,standard,3,18,0.3716767162568143,0.5555555555555556
1,tda,tda_24h_standard,standard,4,106,0.42797472724197694,1.0
1,tda,tda_24h_standard,standard,5,2,0.5716084832285571,0.0
1,tda,tda_24h_standard,standard,6,91,0.6489519413674837,0.38461538461538464
1,tda,tda_24h_standard,standard,7,23,0.72556991362229,1.0
1,tda,tda_72h_balanced,balanced,0,12789,0.009189459889823068,0.034013605442176874
1,tda,tda_72h_balanced,balanced,1,828,0.14027782559336216,0.4722222222222222
1,tda,tda_72h_balanced,balanced,2,211,0.25471039124390765,0.2985781990521327
1,tda,tda_72h_balanced,balanced,3,302,0.3522031549130462,0.3443708609271523
1,tda,tda_72h_balanced,balanced,4,233,0.4391804817911031,0.3090128755364807
1,tda,tda_72h_balanced,balanced,5,145,0.5415275084756291,0.2689655172413793
1,tda,tda_72h_balanced,balanced,6,67,0.649121174221922,0.1044776119402985
1,tda,tda_72h_balanced,balanced,7,32,0.7368119858784464,0.0
1,tda,tda_72h_balanced,balanced,8,127,0.872824657039151,0.9133858267716536
1,tda,tda_72h_balanced,balanced,9,116,0.9555113923976919,0.5
1,tda,tda_72h_standard,standard,0,14367,0.006272911554447002,0.07524187373842835
1,tda,tda_72h_standard,standard,1,207,0.12910631570771122,0.14492753623188406
1,tda,tda_72h_standard,standard,2,33,0.23338571999098556,0.0
1,tda,tda_72h_standard,standard,3,36,0.3759350376177426,0.6944444444444444
1,tda,tda_72h_standard,standard,4,91,0.42061639471387197,1.0
1,tda,tda_72h_standard,standard,5,16,0.5731778512487591,0.0
1,tda,tda_72h_standard,standard,6,78,0.6447962143041678,0.46153846153846156
1,tda,tda_72h_standard,standard,7,22,0.7408066366686396,1.0
2,market_probability,market_probability,none,0,11019,0.029104536450900685,0.0
2,market_probability,market_probability,none,1,2545,0.1487489194499018,0.1292730844793713
2,market_probability,market_probability,none,2,696,0.25558189655172414,0.010057471264367816
2,market_probability,market_probability,none,3,1308,0.3442737003058104,0.0
2,market_probability,market_probability,none,4,750,0.4532733333333333,0.24666666666666667
2,market_probability,market_probability,none,5,528,0.5614204545454545,0.5662878787878788
2,market_probability,market_probability,none,6,538,0.6437193308550186,0.4795539033457249
2,market_probability,market_probability,none,7,386,0.7498549222797928,0.5984455958549223
2,market_probability,market_probability,none,8,130,0.8366269230769231,0.2692307692307692
2,market_probability,market_probability,none,9,34,0.9148235294117647,0.0
2,tda,tda_168h_balanced,balanced,0,14420,0.015327973571655655,0.02330097087378641
2,tda,tda_168h_balanced,balanced,1,1156,0.1396380016636434,0.0
2,tda,tda_168h_balanced,balanced,2,354,0.24816730139821958,0.0
2,tda,tda_168h_balanced,balanced,3,361,0.34706546460105164,0.4709141274238227
2,tda,tda_168h_balanced,balanced,4,224,0.44868836471775403,0.5133928571428571
2,tda,tda_168h_balanced,balanced,5,295,0.5537794864986544,0.6406779661016949
2,tda,tda_168h_balanced,balanced,6,353,0.6562548352728897,0.5609065155807366
2,tda,tda_168h_balanced,balanced,7,224,0.749011347231775,0.36607142857142855
2,tda,tda_168h_balanced,balanced,8,313,0.851940383242024,0.4984025559105431
2,tda,tda_168h_balanced,balanced,9,234,0.932060388487849,0.4188034188034188
2,tda,tda_168h_standard,standard,0,16745,0.006878127226842089,0.04556584054941774
2,tda,tda_168h_standard,standard,1,599,0.1406338595567442,0.5175292153589316
2,tda,tda_168h_standard,standard,2,234,0.24547802419636117,0.34615384615384615
2,tda,tda_168h_standard,standard,3,185,0.350624987489808,0.7945945945945946
2,tda,tda_168h_standard,standard,4,92,0.4340759133726407,0.4673913043478261
2,tda,tda_168h_standard,standard,5,61,0.5538427515701236,0.0
2,tda,tda_168h_standard,standard,6,17,0.6227523114533927,0.0
2,tda,tda_168h_standard,standard,7,1,0.7113425127860019,0.0
2,tda,tda_24h_balanced,balanced,0,15309,0.013698010439310276,0.02194787379972565
2,tda,tda_24h_balanced,balanced,1,725,0.14560899885978326,0.0496551724137931
2,tda,tda_24h_balanced,balanced,2,359,0.2431998600767418,0.48746518105849584
2,tda,tda_24h_balanced,balanced,3,257,0.358420235114439,0.5097276264591439
2,tda,tda_24h_balanced,balanced,4,352,0.4517363742619736,0.7528409090909091
2,tda,tda_24h_balanced,balanced,5,217,0.5448981595067754,0.3317972350230415
2,tda,tda_24h_balanced,balanced,6,217,0.6514755012813065,0.45161290322580644
2,tda,tda_24h_balanced,balanced,7,242,0.7461516968864104,0.4793388429752066
2,tda,tda_24h_balanced,balanced,8,193,0.8357095876166097,0.5958549222797928
2,tda,tda_24h_balanced,balanced,9,63,0.9262783543772679,0.0
2,tda,tda_24h_standard,standard,0,17196,0.005732818169582797,0.058967201674808095
2,tda,tda_24h_standard,standard,1,452,0.14082482940777488,0.415929203539823
2,tda,tda_24h_standard,standard,2,198,0.2358612536404832,0.7070707070707071
2,tda,tda_24h_standard,standard,3,35,0.3408233456171573,0.05714285714285714
2,tda,tda_24h_standard,standard,4,44,0.4297645634309418,0.0
2,tda,tda_24h_standard,standard,5,9,0.5248161549622046,0.0
2,tda,tda_72h_balanced,balanced,0,15045,0.014112329595647722,0.022333000997008974
2,tda,tda_72h_balanced,balanced,1,776,0.13707322260693405,0.001288659793814433
2,tda,tda_72h_balanced,balanced,2,463,0.2433723316835535,0.34773218142548595
2,tda,tda_72h_balanced,balanced,3,233,0.35221224024971953,0.463519313304721
2,tda,tda_72h_balanced,balanced,4,310,0.4554459860112498,0.6870967741935484
2,tda,tda_72h_balanced,balanced,5,310,0.5447796580920835,0.603225806451613
2,tda,tda_72h_balanced,balanced,6,199,0.6579895787316843,0.2914572864321608
2,tda,tda_72h_balanced,balanced,7,256,0.7459520628555945,0.3984375
2,tda,tda_72h_balanced,balanced,8,260,0.8494387325413368,0.6846153846153846
2,tda,tda_72h_balanced,balanced,9,82,0.9377918645421454,0.0
2,tda,tda_72h_standard,standard,0,17118,0.006399848181807819,0.05853487556957589
2,tda,tda_72h_standard,standard,1,446,0.14716605003125136,0.3183856502242152
2,tda,tda_72h_standard,standard,2,249,0.25502865006162717,0.7710843373493976
2,tda,tda_72h_standard,standard,3,56,0.3434973792551788,0.14285714285714285
2,tda,tda_72h_standard,standard,4,27,0.4598707779339832,0.0
2,tda,tda_72h_standard,standard,5,36,0.525444860298138,0.0
2,tda,tda_72h_standard,standard,6,2,0.6243246870467456,0.0
3,market_probability,market_probability,none,0,11872,0.0281526004966153,0.0
3,market_probability,market_probability,none,1,2013,0.14085767511177347,0.11823149528067561
3,market_probability,market_probability,none,2,1045,0.24807942583732057,0.0937799043062201
3,market_probability,market_probability,none,3,1201,0.3480432972522898,0.0
3,market_probability,market_probability,none,4,519,0.44162813102119464,0.24277456647398843
3,market_probability,market_probability,none,5,472,0.5638559322033898,0.5084745762711864
3,market_probability,market_probability,none,6,566,0.6330097173144876,0.5406360424028268
3,market_probability,market_probability,none,7,168,0.7436696428571429,0.15476190476190477
3,market_probability,market_probability,none,8,316,0.8444493670886076,0.879746835443038
3,market_probability,market_probability,none,9,32,0.90796875,1.0
3,tda,tda_168h_balanced,balanced,0,11871,0.055934262114494655,0.0004211945076236206
3,tda,tda_168h_balanced,balanced,1,1986,0.13674979390400177,0.10322255790533737
3,tda,tda_168h_balanced,balanced,2,649,0.2541092563303159,0.1941448382126348
3,tda,tda_168h_balanced,balanced,3,536,0.3473000542533621,0.0
3,tda,tda_168h_balanced,balanced,4,456,0.44574644709162975,0.0
3,tda,tda_168h_balanced,balanced,5,575,0.5492861310604442,0.006956521739130435
3,tda,tda_168h_balanced,balanced,6,438,0.6502798904407792,0.1050228310502283
3,tda,tda_168h_balanced,balanced,7,160,0.7408854811850325,0.475
3,tda,tda_168h_balanced,balanced,8,435,0.869765227729321,0.6114942528735632
3,tda,tda_168h_balanced,balanced,9,1098,0.9506013772897294,0.5610200364298725
3,tda,tda_168h_standard,standard,0,16021,0.014373741753857505,0.020972473628362773
3,tda,tda_168h_standard,standard,1,623,0.13137837140454167,0.18138041733547353
3,tda,tda_168h_standard,standard,2,211,0.2618970243507784,0.5118483412322274
3,tda,tda_168h_standard,standard,3,503,0.35608379863090905,0.6719681908548708
3,tda,tda_168h_standard,standard,4,237,0.44018308093250824,0.4219409282700422
3,tda,tda_168h_standard,standard,5,151,0.5469349843238382,0.07947019867549669
3,tda,tda_168h_standard,standard,6,110,0.6463384172769353,0.24545454545454545
3,tda,tda_168h_standard,standard,7,179,0.7555595273876468,0.7932960893854749
3,tda,tda_168h_standard,standard,8,169,0.8413066699134089,0.9940828402366864
3,tda,tda_24h_balanced,balanced,0,14404,0.023929119500286287,0.023257428492085532
3,tda,tda_24h_balanced,balanced,1,1014,0.14379507303255087,0.0009861932938856016
3,tda,tda_24h_balanced,balanced,2,741,0.24164741468302534,0.0
3,tda,tda_24h_balanced,balanced,3,337,0.3479928264150028,0.04747774480712166
3,tda,tda_24h_balanced,balanced,4,156,0.43091187939625886,0.717948717948718
3,tda,tda_24h_balanced,balanced,5,151,0.5601501382260893,0.4966887417218543
3,tda,tda_24h_balanced,balanced,6,379,0.654589573978832,0.5804749340369393
3,tda,tda_24h_balanced,balanced,7,405,0.73170616959337,0.6074074074074074
3,tda,tda_24h_balanced,balanced,8,237,0.851421872071199,0.029535864978902954
3,tda,tda_24h_balanced,balanced,9,380,0.9439111242540789,0.8736842105263158
3,tda,tda_24h_standard,standard,0,16747,0.007175372882326591,0.031050337373858004
3,tda,tda_24h_standard,standard,1,783,0.14798627120896352,0.6015325670498084
3,tda,tda_24h_standard,standard,2,190,0.24588782272772475,0.08947368421052632
3,tda,tda_24h_standard,standard,3,114,0.3429174457813065,0.09649122807017543
3,tda,tda_24h_standard,standard,4,137,0.45991798198681444,0.8175182481751825
3,tda,tda_24h_standard,standard,5,177,0.5497777782936069,0.8870056497175142
3,tda,tda_24h_standard,standard,6,56,0.6347463590410163,1.0
3,tda,tda_72h_balanced,balanced,0,13841,0.033693314435004805,0.014594321219565061
3,tda,tda_72h_balanced,balanced,1,1004,0.14835556426414886,0.13346613545816732
3,tda,tda_72h_balanced,balanced,2,645,0.25333737106890736,0.0
3,tda,tda_72h_balanced,balanced,3,614,0.3467418955507671,0.0
3,tda,tda_72h_balanced,balanced,4,329,0.447492998259469,0.0425531914893617
3,tda,tda_72h_balanced,balanced,5,197,0.5503079202629846,0.467005076142132
3,tda,tda_72h_balanced,balanced,6,129,0.658691177110917,0.689922480620155
3,tda,tda_72h_balanced,balanced,7,480,0.7598545374685255,0.5354166666666667
3,tda,tda_72h_balanced,balanced,8,445,0.8464414182733742,0.4943820224719101
3,tda,tda_72h_balanced,balanced,9,520,0.9538322461749791,0.6461538461538462
3,tda,tda_72h_standard,standard,0,16593,0.009873293669666779,0.025311878502983186
3,tda,tda_72h_standard,standard,1,474,0.1616551741477638,0.5548523206751055
3,tda,tda_72h_standard,standard,2,461,0.2389450927408686,0.6789587852494577
3,tda,tda_72h_standard,standard,3,211,0.35074074749033607,0.05687203791469194
3,tda,tda_72h_standard,standard,4,99,0.4429883889118063,0.1414141414141414
3,tda,tda_72h_standard,standard,5,75,0.5524287031672879,0.8533333333333334
3,tda,tda_72h_standard,standard,6,224,0.6515005505560441,0.8526785714285714
3,tda,tda_72h_standard,standard,7,67,0.7340766966995409,1.0
4,market_probability,market_probability,none,0,12250,0.026344238286801783,0.0
4,market_probability,market_probability,none,1,2339,0.15197532606158262,0.14322359982898675
4,market_probability,market_probability,none,2,1321,0.24842543527630584,0.000757002271006813
4,market_probability,market_probability,none,3,677,0.35437961595273265,0.0
4,market_probability,market_probability,none,4,414,0.4511787439613526,0.28019323671497587
4,market_probability,market_probability,none,5,435,0.5523666666666667,0.4436781609195402
4,market_probability,market_probability,none,6,340,0.6448588235294118,0.5058823529411764
4,market_probability,market_probability,none,7,398,0.7449246231155779,0.550251256281407
4,market_probability,market_probability,none,8,243,0.8346913580246913,0.9711934156378601
4,market_probability,market_probability,none,9,75,0.9204573402395878,1.0
4,tda,tda_168h_balanced,balanced,0,10890,0.06677583527491078,0.0
4,tda,tda_168h_balanced,balanced,1,2771,0.1370601338769862,0.019487549621075424
4,tda,tda_168h_balanced,balanced,2,1237,0.24630242367580713,0.20452708164915118
4,tda,tda_168h_balanced,balanced,3,711,0.34893586095199597,0.040787623066104076
4,tda,tda_168h_balanced,balanced,4,404,0.44233815859163034,0.0
4,tda,tda_168h_balanced,balanced,5,296,0.5513250783450544,0.0
4,tda,tda_168h_balanced,balanced,6,307,0.6478224822403551,0.0
4,tda,tda_168h_balanced,balanced,7,283,0.7566390222959382,0.1696113074204947
4,tda,tda_168h_balanced,balanced,8,401,0.8527669613288223,0.4713216957605985
4,tda,tda_168h_balanced,balanced,9,1192,0.9645943773703726,0.6493288590604027
4,tda,tda_168h_standard,standard,0,15995,0.01869726634541342,0.02100656455142232
4,tda,tda_168h_standard,standard,1,644,0.14054294698480418,0.0
4,tda,tda_168h_standard,standard,2,354,0.25121983956629373,0.2231638418079096
4,tda,tda_168h_standard,standard,3,220,0.3440712258412316,0.5818181818181818
4,tda,tda_168h_standard,standard,4,260,0.4461382230898558,0.3269230769230769
4,tda,tda_168h_standard,standard,5,124,0.5570656406587398,0.5403225806451613
4,tda,tda_168h_standard,standard,6,216,0.6411565505798508,0.7407407407407407
4,tda,tda_168h_standard,standard,7,315,0.7590545543564576,0.6031746031746031
4,tda,tda_168h_standard,standard,8,296,0.8532873746481368,0.7905405405405406
4,tda,tda_168h_standard,standard,9,68,0.9313650920030877,1.0
4,tda,tda_24h_balanced,balanced,0,14411,0.032398678745720944,0.01401707029352578
4,tda,tda_24h_balanced,balanced,1,1433,0.13865007568989418,0.09351011863224006
4,tda,tda_24h_balanced,balanced,2,403,0.2420625685592931,0.0
4,tda,tda_24h_balanced,balanced,3,432,0.34551679902849497,0.0
4,tda,tda_24h_balanced,balanced,4,156,0.4476509644644659,0.07692307692307693
4,tda,tda_24h_balanced,balanced,5,219,0.5561516206782747,0.6027397260273972
4,tda,tda_24h_balanced,balanced,6,190,0.6510166875001114,0.3526315789473684
4,tda,tda_24h_balanced,balanced,7,330,0.7548152185433986,0.3696969696969697
4,tda,tda_24h_balanced,balanced,8,296,0.8568428707432526,0.777027027027027
4,tda,tda_24h_balanced,balanced,9,622,0.9401935512212697,0.7202572347266881
4,tda,tda_24h_standard,standard,0,16880,0.008854709245481457,0.02221563981042654
4,tda,tda_24h_standard,standard,1,468,0.14163447844007673,0.48717948717948717
4,tda,tda_24h_standard,standard,2,308,0.24243808466611075,0.38961038961038963
4,tda,tda_24h_standard,standard,3,213,0.3552609603040075,0.8169014084507042
4,tda,tda_24h_standard,standard,4,239,0.44692519194172914,0.49372384937238495
4,tda,tda_24h_standard,standard,5,172,0.5561489235042357,0.75
4,tda,tda_24h_standard,standard,6,127,0.6456208772498622,0.9291338582677166
4,tda,tda_24h_standard,standard,7,83,0.7534632588636455,1.0
4,tda,tda_24h_standard,standard,8,2,0.8057377831436361,1.0
4,tda,tda_72h_balanced,balanced,0,12503,0.04880604405631595,0.004638886667199872
4,tda,tda_72h_balanced,balanced,1,2248,0.13967363669069796,0.08718861209964412
4,tda,tda_72h_balanced,balanced,2,817,0.24477543910025168,0.06487148102815178
4,tda,tda_72h_balanced,balanced,3,525,0.3461173443245695,0.05523809523809524
4,tda,tda_72h_balanced,balanced,4,306,0.45085755486557,0.0
4,tda,tda_72h_balanced,balanced,5,263,0.544948269629705,0.14068441064638784
4,tda,tda_72h_balanced,balanced,6,232,0.6580026658319554,0.2801724137931034
4,tda,tda_72h_balanced,balanced,7,319,0.746903574618704,0.2413793103448276
4,tda,tda_72h_balanced,balanced,8,287,0.8468719246385121,0.3902439024390244
4,tda,tda_72h_balanced,balanced,9,992,0.9542126216234811,0.7258064516129032
4,tda,tda_72h_standard,standard,0,16451,0.01372060514750428,0.020849796364962616
4,tda,tda_72h_standard,standard,1,543,0.1458133430663144,0.23388581952117865
4,tda,tda_72h_standard,standard,2,351,0.2434005073128739,0.27350427350427353
4,tda,tda_72h_standard,standard,3,131,0.35222451984916175,0.33587786259541985
4,tda,tda_72h_standard,standard,4,221,0.4545231126993194,0.6787330316742082
4,tda,tda_72h_standard,standard,5,244,0.5467100695191743,0.6311475409836066
4,tda,tda_72h_standard,standard,6,222,0.6506568374159536,0.7972972972972973
4,tda,tda_72h_standard,standard,7,208,0.7459610540881486,0.7019230769230769
4,tda,tda_72h_standard,standard,8,60,0.8410469182411899,0.8166666666666667
4,tda,tda_72h_standard,standard,9,61,0.9183335351728089,1.0
5,market_probability,market_probability,none,0,13311,0.025583583635701894,0.0
5,market_probability,market_probability,none,1,2115,0.14285957446808512,0.15839243498817968
5,market_probability,market_probability,none,2,1601,0.24008151155527796,0.0006246096189881324
5,market_probability,market_probability,none,3,765,0.3479084967320261,0.0
5,market_probability,market_probability,none,4,471,0.4589246284501062,0.0
5,market_probability,market_probability,none,5,638,0.5594647335423197,0.438871473354232
5,market_probability,market_probability,none,6,397,0.6527468513853905,0.345088161209068
5,market_probability,market_probability,none,7,532,0.7399736842105263,0.4793233082706767
5,market_probability,market_probability,none,8,372,0.8633924731182796,0.6989247311827957
5,market_probability,market_probability,none,9,79,0.9063291139240507,0.9620253164556962
5,tda,tda_168h_balanced,balanced,0,13964,0.045436943385020974,0.0034374104841019765
5,tda,tda_168h_balanced,balanced,1,2041,0.14301882107876807,0.09162175404213621
5,tda,tda_168h_balanced,balanced,2,678,0.2373095252351462,0.13274336283185842
5,tda,tda_168h_balanced,balanced,3,527,0.35201108292917244,0.020872865275142316
5,tda,tda_168h_balanced,balanced,4,361,0.4539425610630852,0.0
5,tda,tda_168h_balanced,balanced,5,301,0.5446896943339188,0.0
5,tda,tda_168h_balanced,balanced,6,300,0.6491108112754947,0.0
5,tda,tda_168h_balanced,balanced,7,289,0.7481865938072297,0.21453287197231835
5,tda,tda_168h_balanced,balanced,8,435,0.857295479249696,0.5195402298850574
5,tda,tda_168h_balanced,balanced,9,1385,0.9564367214297416,0.51985559566787
5,tda,tda_168h_standard,standard,0,17736,0.01253745787485781,0.018944519621109608
5,tda,tda_168h_standard,standard,1,599,0.14505670903279355,0.038397328881469114
5,tda,tda_168h_standard,standard,2,286,0.24852075071716362,0.3916083916083916
5,tda,tda_168h_standard,standard,3,284,0.34788150178740324,0.5633802816901409
5,tda,tda_168h_standard,standard,4,376,0.4544705509169113,0.39361702127659576
5,tda,tda_168h_standard,standard,5,209,0.5499346946066077,0.3062200956937799
5,tda,tda_168h_standard,standard,6,362,0.6420640340777841,0.5
5,tda,tda_168h_standard,standard,7,193,0.75969159679492,0.49740932642487046
5,tda,tda_168h_standard,standard,8,235,0.8429593964938464,0.948936170212766
5,tda,tda_168h_standard,standard,9,1,0.9023057115854419,1.0
5,tda,tda_24h_balanced,balanced,0,15550,0.031718606258173875,0.013697749196141478
5,tda,tda_24h_balanced,balanced,1,1394,0.1368777394304212,0.08823529411764706
5,tda,tda_24h_balanced,balanced,2,547,0.24396735115066712,0.0
5,tda,tda_24h_balanced,balanced,3,351,0.3459709048088366,0.0
5,tda,tda_24h_balanced,balanced,4,292,0.4459664138755272,0.0
5,tda,tda_24h_balanced,balanced,5,176,0.5546526689645366,0.011363636363636364
5,tda,tda_24h_balanced,balanced,6,248,0.6543926674277314,0.3387096774193548
5,tda,tda_24h_balanced,balanced,7,441,0.7456568392763147,0.5215419501133787
5,tda,tda_24h_balanced,balanced,8,531,0.8588276089317305,0.4331450094161959
5,tda,tda_24h_balanced,balanced,9,751,0.945918219575123,0.6151797603195739
5,tda,tda_24h_standard,standard,0,18195,0.008860344997051421,0.01846661170651278
5,tda,tda_24h_standard,standard,1,581,0.15548306360190373,0.37865748709122204
5,tda,tda_24h_standard,standard,2,366,0.24502820052683713,0.3797814207650273
5,tda,tda_24h_standard,standard,3,351,0.34927859310264925,0.46438746438746437
5,tda,tda_24h_standard,standard,4,287,0.4391472176258055,0.5052264808362369
5,tda,tda_24h_standard,standard,5,125,0.5525331093289986,0.184
5,tda,tda_24h_standard,standard,6,294,0.6611846686875357,0.8095238095238095
5,tda,tda_24h_standard,standard,7,82,0.7380684234195957,0.975609756097561
5,tda,tda_72h_balanced,balanced,0,15290,0.0341211027537834,0.008436886854153041
5,tda,tda_72h_balanced,balanced,1,1453,0.1418086005985504,0.13351686166551963
5,tda,tda_72h_balanced,balanced,2,517,0.24491498290164657,0.025145067698259187
5,tda,tda_72h_balanced,balanced,3,459,0.35145425883327663,0.0
5,tda,tda_72h_balanced,balanced,4,281,0.4453166865771361,0.0
5,tda,tda_72h_balanced,balanced,5,212,0.5435515279810827,0.0
5,tda,tda_72h_balanced,balanced,6,247,0.6534008071460723,0.3481781376518219
5,tda,tda_72h_balanced,balanced,7,319,0.7584773034396376,0.36363636363636365
5,tda,tda_72h_balanced,balanced,8,576,0.8482368647261888,0.4496527777777778
5,tda,tda_72h_balanced,balanced,9,927,0.9521391043237813,0.5900755124056095
5,tda,tda_72h_standard,standard,0,18095,0.009670367852049357,0.018568665377176014
5,tda,tda_72h_standard,standard,1,462,0.1440021460133547,0.24458874458874458
5,tda,tda_72h_standard,standard,2,464,0.25045161548337175,0.47844827586206895
5,tda,tda_72h_standard,standard,3,319,0.3378765019796255,0.3887147335423197
5,tda,tda_72h_standard,standard,4,219,0.4489216363126658,0.3926940639269406
5,tda,tda_72h_standard,standard,5,265,0.541616827381465,0.4830188679245283
5,tda,tda_72h_standard,standard,6,220,0.6466936276890505,0.5909090909090909
5,tda,tda_72h_standard,standard,7,194,0.7537332901026916,0.8402061855670103
5,tda,tda_72h_standard,standard,8,43,0.8091742664068068,0.9767441860465116
6,market_probability,market_probability,none,0,14366,0.025773952098945115,0.0
6,market_probability,market_probability,none,1,2732,0.14075780660448253,0.12298682284040996
6,market_probability,market_probability,none,2,1156,0.24274999999999997,0.0
6,market_probability,market_probability,none,3,841,0.35624554102259215,0.0
6,market_probability,market_probability,none,4,714,0.44804131652661067,0.2661064425770308
6,market_probability,market_probability,none,5,301,0.5564102990033223,0.4717607973421927
6,market_probability,market_probability,none,6,50,0.62795,0.08
6,market_probability,market_probability,none,7,74,0.7495945945945945,1.0
6,market_probability,market_probability,none,8,262,0.8337213740458015,1.0
6,market_probability,market_probability,none,9,336,0.9463229166666667,1.0
6,tda,tda_168h_balanced,balanced,0,15957,0.04340416515198964,0.006016168452716676
6,tda,tda_168h_balanced,balanced,1,1786,0.13826595518928977,0.13157894736842105
6,tda,tda_168h_balanced,balanced,2,725,0.24359253919207186,0.006896551724137931
6,tda,tda_168h_balanced,balanced,3,158,0.3346164246681393,0.0
6,tda,tda_168h_balanced,balanced,4,242,0.4632828282004281,0.0
6,tda,tda_168h_balanced,balanced,5,392,0.5451827979529729,0.00510204081632653
6,tda,tda_168h_balanced,balanced,6,414,0.6505677364108388,0.24879227053140096
6,tda,tda_168h_balanced,balanced,7,422,0.7401164243786372,0.4549763033175355
6,tda,tda_168h_balanced,balanced,8,64,0.8356228010668497,0.609375
6,tda,tda_168h_balanced,balanced,9,672,0.9792552330498273,1.0
6,tda,tda_168h_standard,standard,0,18960,0.010741840188996588,0.017721518987341773
6,tda,tda_168h_standard,standard,1,923,0.14826709270244492,0.2134344528710726
6,tda,tda_168h_standard,standard,2,243,0.22493246859351004,0.4609053497942387
6,tda,tda_168h_standard,standard,3,38,0.34260106243650634,0.8157894736842105
6,tda,tda_168h_standard,standard,4,51,0.43450682345350117,1.0
6,tda,tda_168h_standard,standard,5,17,0.5429463065671812,1.0
6,tda,tda_168h_standard,standard,6,20,0.6538964624555182,1.0
6,tda,tda_168h_standard,standard,7,258,0.7651939412417372,1.0
6,tda,tda_168h_standard,standard,8,204,0.8683419888795607,1.0
6,tda,tda_168h_standard,standard,9,118,0.9173883317807031,1.0
6,tda,tda_24h_balanced,balanced,0,16929,0.03438036754564929,0.015771752613857878
6,tda,tda_24h_balanced,balanced,1,1257,0.1387074986503795,0.05489260143198091
6,tda,tda_24h_balanced,balanced,2,491,0.24844170952031056,0.0
6,tda,tda_24h_balanced,balanced,3,459,0.348572016926776,0.004357298474945534
6,tda,tda_24h_balanced,balanced,4,398,0.4511469984682404,0.16080402010050251
6,tda,tda_24h_balanced,balanced,5,281,0.5452755583193017,0.40213523131672596
6,tda,tda_24h_balanced,balanced,6,143,0.6477995238720627,0.3986013986013986
6,tda,tda_24h_balanced,balanced,7,181,0.742756287174317,0.5524861878453039
6,tda,tda_24h_balanced,balanced,8,30,0.8394675075521832,0.3
6,tda,tda_24h_balanced,balanced,9,663,0.9653013734702774,1.0
6,tda,tda_24h_standard,standard,0,19618,0.009611332515466323,0.02232643490671832
6,tda,tda_24h_standard,standard,1,413,0.13846673018716824,0.43099273607748184
6,tda,tda_24h_standard,standard,2,126,0.226652229636242,0.4444444444444444
6,tda,tda_24h_standard,standard,3,10,0.3674593814207543,0.7
6,tda,tda_24h_standard,standard,4,58,0.4538383010683078,1.0
6,tda,tda_24h_standard,standard,5,99,0.5641612190225742,1.0
6,tda,tda_24h_standard,standard,6,160,0.6442257619823772,1.0
6,tda,tda_24h_standard,standard,7,210,0.7605779966691494,1.0
6,tda,tda_24h_standard,standard,8,138,0.8244086736528577,1.0
6,tda,tda_72h_balanced,balanced,0,16273,0.040747497053565854,0.009832237448534382
6,tda,tda_72h_balanced,balanced,1,1642,0.13697182425768936,0.1071863580998782
6,tda,tda_72h_balanced,balanced,2,552,0.24412043658138233,0.0
6,tda,tda_72h_balanced,balanced,3,357,0.34821358727441176,0.0
6,tda,tda_72h_balanced,balanced,4,341,0.4487184985510373,0.008797653958944282
6,tda,tda_72h_balanced,balanced,5,375,0.554643855068092,0.264
6,tda,tda_72h_balanced,balanced,6,297,0.6476714347619409,0.25925925925925924
6,tda,tda_72h_balanced,balanced,7,240,0.7419176859268739,0.4791666666666667
6,tda,tda_72h_balanced,balanced,8,93,0.8317566011365002,0.5591397849462365
6,tda,tda_72h_balanced,balanced,9,662,0.9750319281048888,1.0
6,tda,tda_72h_standard,standard,0,19251,0.01049313891990415,0.0182328190743338
6,tda,tda_72h_standard,standard,1,689,0.1409251611224535,0.3047895500725689
6,tda,tda_72h_standard,standard,2,194,0.2364164406142853,0.4793814432989691
6,tda,tda_72h_standard,standard,3,34,0.33527161553124124,0.7647058823529411
6,tda,tda_72h_standard,standard,4,49,0.4550371009431734,1.0
6,tda,tda_72h_standard,standard,5,15,0.5270741720086949,1.0
6,tda,tda_72h_standard,standard,6,142,0.6613675743890097,1.0
6,tda,tda_72h_standard,standard,7,150,0.7449513026837804,1.0
6,tda,tda_72h_standard,standard,8,259,0.841467503333665,1.0
6,tda,tda_72h_standard,standard,9,49,0.9241350725772269,1.0
7,market_probability,market_probability,none,0,14404,0.023237332338807898,0.0
7,market_probability,market_probability,none,1,1899,0.14653236857520968,0.1769352290679305
7,market_probability,market_probability,none,2,985,0.24864314720812183,0.0
7,market_probability,market_probability,none,3,1036,0.3495501930501931,0.0
7,market_probability,market_probability,none,4,340,0.4456117647058824,0.17058823529411765
7,market_probability,market_probability,none,5,217,0.5482258064516129,0.5529953917050692
7,market_probability,market_probability,none,6,345,0.6521739130434783,0.9594202898550724
7,market_probability,market_probability,none,7,118,0.7197457627118643,0.6694915254237288
7,market_probability,market_probability,none,8,83,0.8713253012048192,1.0
7,market_probability,market_probability,none,9,89,0.9827022471908154,1.0
7,tda,tda_168h_balanced,balanced,0,13592,0.05974704316694406,0.0
7,tda,tda_168h_balanced,balanced,1,2425,0.1394320036057402,0.08577319587628866
7,tda,tda_168h_balanced,balanced,2,720,0.24112926240414526,0.17777777777777778
7,tda,tda_168h_balanced,balanced,3,517,0.3514284671271956,0.0
7,tda,tda_168h_balanced,balanced,4,487,0.44564523652486665,0.0
7,tda,tda_168h_balanced,balanced,5,425,0.5481837510440304,0.0
7,tda,tda_168h_balanced,balanced,6,232,0.6479712574617105,0.0
7,tda,tda_168h_balanced,balanced,7,149,0.7494272404584652,0.013422818791946308
7,tda,tda_168h_balanced,balanced,8,329,0.8581366576892114,0.5835866261398176
7,tda,tda_168h_balanced,balanced,9,640,0.957051969205593,0.884375
7,tda,tda_168h_standard,standard,0,17804,0.015282469566957809,0.01887216355875084
7,tda,tda_168h_standard,standard,1,627,0.13287702640004045,0.0
7,tda,tda_168h_standard,standard,2,163,0.2444272600818203,0.15337423312883436
7,tda,tda_168h_standard,standard,3,241,0.34569000756287915,0.6141078838174274
7,tda,tda_168h_standard,standard,4,111,0.4486700852854923,0.6306306306306306
7,tda,tda_168h_standard,standard,5,264,0.553427129957975,0.9848484848484849
7,tda,tda_168h_standard,standard,6,109,0.6318392108202078,0.7614678899082569
7,tda,tda_168h_standard,standard,7,25,0.7260746802453353,0.08
7,tda,tda_168h_standard,standard,8,40,0.8881355669849287,1.0
7,tda,tda_168h_standard,standard,9,132,0.9430562646606033,1.0
7,tda,tda_24h_balanced,balanced,0,15131,0.04553743734154599,0.0023131319807018704
7,tda,tda_24h_balanced,balanced,1,1522,0.1406889265497683,0.19579500657030224
7,tda,tda_24h_balanced,balanced,2,605,0.24213230014371698,0.0049586776859504135
7,tda,tda_24h_balanced,balanced,3,587,0.35515431368313005,0.0
7,tda,tda_24h_balanced,balanced,4,461,0.44718153587943926,0.0
7,tda,tda_24h_balanced,balanced,5,217,0.543719568376461,0.03225806451612903
7,tda,tda_24h_balanced,balanced,6,184,0.6460046501754406,0.32065217391304346
7,tda,tda_24h_balanced,balanced,7,121,0.7509435280801069,0.5371900826446281
7,tda,tda_24h_balanced,balanced,8,288,0.8630107914421026,0.9652777777777778
7,tda,tda_24h_balanced,balanced,9,400,0.9508181831409983,0.8775
7,tda,tda_24h_standard,standard,0,18367,0.012123765270283122,0.01829367888060108
7,tda,tda_24h_standard,standard,1,387,0.13773241672513753,0.21963824289405684
7,tda,tda_24h_standard,standard,2,129,0.2540127993879794,0.7364341085271318
7,tda,tda_24h_standard,standard,3,172,0.35690454817309625,0.9767441860465116
7,tda,tda_24h_standard,standard,4,170,0.445072474768302,0.9352941176470588
7,tda,tda_24h_standard,standard,5,96,0.5443371016031315,0.78125
7,tda,tda_24h_standard,standard,6,31,0.6379678715854522,0.45161290322580644
7,tda,tda_24h_standard,standard,7,76,0.7439360879306379,1.0
7,tda,tda_24h_standard,standard,8,87,0.8660217924035496,1.0
7,tda,tda_24h_standard,standard,9,1,0.9039796203031049,1.0
7,tda,tda_72h_balanced,balanced,0,14434,0.050583218580351315,0.0022862685326312873
7,tda,tda_72h_balanced,balanced,1,1897,0.139028732720988,0.11808118081180811
7,tda,tda_72h_balanced,balanced,2,723,0.24265728624074978,0.10926694329183956
7,tda,tda_72h_balanced,balanced,3,491,0.3457145366971936,0.0
7,tda,tda_72h_balanced,balanced,4,441,0.44630988573811614,0.0
7,tda,tda_72h_balanced,balanced,5,341,0.5511241613078872,0.0
7,tda,tda_72h_balanced,balanced,6,213,0.649700561165365,0.07981220657276995
7,tda,tda_72h_balanced,balanced,7,241,0.7456815346303748,0.4066390041493776
7,tda,tda_72h_balanced,balanced,8,218,0.8546704371992969,0.8348623853211009
7,tda,tda_72h_balanced,balanced,9,517,0.9588192163749407,0.8955512572533849
7,tda,tda_72h_standard,standard,0,18050,0.013147244388408254,0.018614958448753462
7,tda,tda_72h_standard,standard,1,586,0.142357144016706,0.1075085324232082
7,tda,tda_72h_standard,standard,2,204,0.2400184912439945,0.45098039215686275
7,tda,tda_72h_standard,standard,3,146,0.3488319178139832,0.9178082191780822
7,tda,tda_72h_standard,standard,4,77,0.4499295709435207,0.8831168831168831
7,tda,tda_72h_standard,standard,5,149,0.5574343338832257,0.9932885906040269
7,tda,tda_72h_standard,standard,6,97,0.6336131285035739,0.8350515463917526
7,tda,tda_72h_standard,standard,7,63,0.7607567471454125,0.5396825396825397
7,tda,tda_72h_standard,standard,8,86,0.8491018495272541,0.9534883720930233
7,tda,tda_72h_standard,standard,9,58,0.9133003692852815,1.0
8,market_probability,market_probability,none,0,14985,0.022106170877148196,0.0001334668001334668
8,market_probability,market_probability,none,1,1702,0.14396239717978848,0.17156286721504113
8,market_probability,market_probability,none,2,794,0.24936209068010076,0.11964735516372796
8,market_probability,market_probability,none,3,1223,0.353017170891251,0.041700735895339326
8,market_probability,market_probability,none,4,600,0.44728416666666665,0.35833333333333334
8,market_probability,market_probability,none,5,508,0.5505472440944882,0.7539370078740157
8,market_probability,market_probability,none,6,352,0.6359119318181818,0.6619318181818182
8,market_probability,market_probability,none,7,85,0.7180941176470588,0.7294117647058823
8,market_probability,market_probability,none,8,3,0.8318333333333333,0.0
8,tda,tda_168h_balanced,balanced,0,15213,0.04909677832477907,0.0005915992900808519
8,tda,tda_168h_balanced,balanced,1,1514,0.137346981343071,0.1955085865257596
8,tda,tda_168h_balanced,balanced,2,495,0.24223178428779724,0.14343434343434344
8,tda,tda_168h_balanced,balanced,3,393,0.3549523950395906,0.035623409669211195
8,tda,tda_168h_balanced,balanced,4,600,0.44934896491868254,0.05
8,tda,tda_168h_balanced,balanced,5,518,0.5488457765122705,0.04826254826254826
8,tda,tda_168h_balanced,balanced,6,328,0.6493175524982326,0.3048780487804878
8,tda,tda_168h_balanced,balanced,7,352,0.7481548083222325,0.4602272727272727
8,tda,tda_168h_balanced,balanced,8,458,0.8571208753550681,0.8384279475982532
8,tda,tda_168h_balanced,balanced,9,381,0.9305272846507411,0.6351706036745407
8,tda,tda_168h_standard,standard,0,18470,0.012500244782589305,0.022793719545208445
8,tda,tda_168h_standard,standard,1,790,0.1389251675710807,0.26962025316455696
8,tda,tda_168h_standard,standard,2,336,0.2445974448058612,0.6279761904761905
8,tda,tda_168h_standard,standard,3,287,0.35148723176101127,0.89198606271777
8,tda,tda_168h_standard,standard,4,203,0.4411492551112546,0.6945812807881774
8,tda,tda_168h_standard,standard,5,111,0.5511448839208221,0.45045045045045046
8,tda,tda_168h_standard,standard,6,48,0.6245291469845748,0.8541666666666666
8,tda,tda_168h_standard,standard,7,7,0.7506215957455364,0.0
8,tda,tda_24h_balanced,balanced,0,15436,0.048302723442460525,0.0027209121534076184
8,tda,tda_24h_balanced,balanced,1,1450,0.13734289980137557,0.20551724137931035
8,tda,tda_24h_balanced,balanced,2,517,0.2474469931623689,0.07930367504835589
8,tda,tda_24h_balanced,balanced,3,554,0.3549703118598752,0.02888086642599278
8,tda,tda_24h_balanced,balanced,4,598,0.45085983598603635,0.056856187290969896
8,tda,tda_24h_balanced,balanced,5,421,0.5461758951459545,0.16389548693586697
8,tda,tda_24h_balanced,balanced,6,291,0.6493994770328618,0.5189003436426117
8,tda,tda_24h_balanced,balanced,7,316,0.7475152664664104,0.6139240506329114
8,tda,tda_24h_balanced,balanced,8,477,0.8474000058671906,0.7756813417190775
8,tda,tda_24h_balanced,balanced,9,192,0.9272029224825572,0.6145833333333334
8,tda,tda_24h_standard,standard,0,18668,0.012762112537474161,0.023409042211270624
8,tda,tda_24h_standard,standard,1,695,0.13981388344215606,0.39280575539568346
8,tda,tda_24h_standard,standard,2,417,0.25301832103802807,0.7362110311750599
8,tda,tda_24h_standard,standard,3,211,0.3438409825501355,0.6966824644549763
8,tda,tda_24h_standard,standard,4,164,0.4501127001095005,0.7804878048780488
8,tda,tda_24h_standard,standard,5,76,0.5290508623806854,0.5394736842105263
8,tda,tda_24h_standard,standard,6,17,0.6327711075085056,0.0
8,tda,tda_24h_standard,standard,7,4,0.7210059690838189,0.0
8,tda,tda_72h_balanced,balanced,0,15236,0.05036774328942575,0.003019165135206091
8,tda,tda_72h_balanced,balanced,1,1540,0.1358021932993975,0.16428571428571428
8,tda,tda_72h_balanced,balanced,2,555,0.24579181919040277,0.14234234234234233
8,tda,tda_72h_balanced,balanced,3,479,0.3549759792242154,0.008350730688935281
8,tda,tda_72h_balanced,balanced,4,601,0.45031658481338155,0.03993344425956739
8,tda,tda_72h_balanced,balanced,5,361,0.5487838263093815,0.11357340720221606
8,tda,tda_72h_balanced,balanced,6,297,0.6504877402288718,0.3400673400673401
8,tda,tda_72h_balanced,balanced,7,419,0.7489048485364294,0.6085918854415274
8,tda,tda_72h_balanced,balanced,8,473,0.854536232765584,0.7632135306553911
8,tda,tda_72h_balanced,balanced,9,291,0.9288968243553645,0.5807560137457045
8,tda,tda_72h_standard,standard,0,18510,0.012802531022030947,0.022204213938411668
8,tda,tda_72h_standard,standard,1,722,0.1451703487229088,0.3448753462603878
8,tda,tda_72h_standard,standard,2,406,0.2440841148153591,0.6182266009852216
8,tda,tda_72h_standard,standard,3,278,0.34856876925344427,0.7697841726618705
8,tda,tda_72h_standard,standard,4,195,0.45126358321308674,0.7487179487179487
8,tda,tda_72h_standard,standard,5,108,0.5397926789198756,0.46296296296296297
8,tda,tda_72h_standard,standard,6,26,0.6281237881471395,0.46153846153846156
8,tda,tda_72h_standard,standard,7,6,0.7615310507942127,0.0
8,tda,tda_72h_standard,standard,8,1,0.8073838122258965,0.0
9,market_probability,market_probability,none,0,16802,0.01495759322916247,0.002975836209975003
9,market_probability,market_probability,none,1,1357,0.14567907148120854,0.4067796610169492
9,market_probability,market_probability,none,2,673,0.25808543833580977,0.08766716196136701
9,market_probability,market_probability,none,3,816,0.35661151960784315,0.012254901960784314
9,market_probability,market_probability,none,4,633,0.44960584518167457,0.31437598736176936
9,market_probability,market_probability,none,5,444,0.559543918918919,0.4369369369369369
9,market_probability,market_probability,none,6,336,0.666327380952381,0.9136904761904762
9,market_probability,market_probability,none,7,125,0.74084,0.088
9,market_probability,market_probability,none,8,215,0.8539302325581395,0.8604651162790697
9,market_probability,market_probability,none,9,113,0.927566371681416,1.0
9,tda,tda_168h_balanced,balanced,0,17458,0.03738637058763612,0.021193722075839156
9,tda,tda_168h_balanced,balanced,1,962,0.13902207840388503,0.2702702702702703
9,tda,tda_168h_balanced,balanced,2,370,0.25185428189487996,0.021621621621621623
9,tda,tda_168h_balanced,balanced,3,427,0.3497198757914414,0.01873536299765808
9,tda,tda_168h_balanced,balanced,4,420,0.4511117644965035,0.09047619047619047
9,tda,tda_168h_balanced,balanced,5,259,0.5486190342596975,0.13127413127413126
9,tda,tda_168h_balanced,balanced,6,259,0.6503685695130768,0.3088803088803089
9,tda,tda_168h_balanced,balanced,7,302,0.7488117698011743,0.38741721854304634
9,tda,tda_168h_balanced,balanced,8,368,0.8517588272780294,0.657608695652174
9,tda,tda_168h_balanced,balanced,9,689,0.9619471083701544,0.7590711175616836
9,tda,tda_168h_standard,standard,0,19742,0.009696973424613764,0.03474825245669132
9,tda,tda_168h_standard,standard,1,547,0.1451312100386456,0.25594149908592323
9,tda,tda_168h_standard,standard,2,298,0.24112363551624016,0.6409395973154363
9,tda,tda_168h_standard,standard,3,229,0.3455612240174099,0.5764192139737991
9,tda,tda_168h_standard,standard,4,131,0.44220155515825077,0.7557251908396947
9,tda,tda_168h_standard,standard,5,152,0.550112740159413,0.6447368421052632
9,tda,tda_168h_standard,standard,6,99,0.6478342152999786,0.7373737373737373
9,tda,tda_168h_standard,standard,7,62,0.7377005096981724,0.5161290322580645
9,tda,tda_168h_standard,standard,8,233,0.8487138662012206,0.8927038626609443
9,tda,tda_168h_standard,standard,9,21,0.9092948021697372,1.0
9,tda,tda_24h_balanced,balanced,0,16848,0.04969002898362168,0.006054131054131054
9,tda,tda_24h_balanced,balanced,1,1312,0.13871819702328395,0.3635670731707317
9,tda,tda_24h_balanced,balanced,2,469,0.24964808090285245,0.17697228144989338
9,tda,tda_24h_balanced,balanced,3,360,0.349992991774707,0.022222222222222223
9,tda,tda_24h_balanced,balanced,4,421,0.4541544169629189,0.007125890736342043
9,tda,tda_24h_balanced,balanced,5,380,0.5452735989826661,0.06578947368421052
9,tda,tda_24h_balanced,balanced,6,320,0.6516439396391036,0.253125
9,tda,tda_24h_balanced,balanced,7,313,0.744856047405652,0.36741214057507987
9,tda,tda_24h_balanced,balanced,8,381,0.8539482737337003,0.6194225721784777
9,tda,tda_24h_balanced,balanced,9,710,0.9560243029102199,0.7746478873239436
9,tda,tda_24h_standard,standard,0,19511,0.011393986426908064,0.03449336271846651
9,tda,tda_24h_standard,standard,1,724,0.14180884685020897,0.20994475138121546
9,tda,tda_24h_standard,standard,2,275,0.24285315826296267,0.32
9,tda,tda_24h_standard,standard,3,258,0.34117550042752365,0.7209302325581395
9,tda,tda_24h_standard,standard,4,196,0.44887327547941125,0.8520408163265306
9,tda,tda_24h_standard,standard,5,150,0.5427919118389968,0.6333333333333333
9,tda,tda_24h_standard,standard,6,64,0.6475912759098177,0.328125
9,tda,tda_24h_standard,standard,7,153,0.750247172813043,0.7712418300653595
9,tda,tda_24h_standard,standard,8,182,0.8462107252970267,0.9835164835164835
9,tda,tda_24h_standard,standard,9,1,0.9026899475499942,1.0
9,tda,tda_72h_balanced,balanced,0,17331,0.04046759152054318,0.013617217702383014
9,tda,tda_72h_balanced,balanced,1,979,0.14254963409820468,0.39427987742594484
9,tda,tda_72h_balanced,balanced,2,483,0.2474285928821619,0.07453416149068323
9,tda,tda_72h_balanced,balanced,3,361,0.35353993354467367,0.038781163434903045
9,tda,tda_72h_balanced,balanced,4,406,0.4523678027680623,0.04187192118226601
9,tda,tda_72h_balanced,balanced,5,433,0.5460028050753947,0.07621247113163972
9,tda,tda_72h_balanced,balanced,6,244,0.6516086600962003,0.5245901639344263
9,tda,tda_72h_balanced,balanced,7,205,0.7501138254838864,0.37073170731707317
9,tda,tda_72h_balanced,balanced,8,385,0.8591323567624986,0.5766233766233766
9,tda,tda_72h_balanced,balanced,9,687,0.954765450346489,0.7743813682678311
9,tda,tda_72h_standard,standard,0,19738,0.010472401262162085,0.03490728543925423
9,tda,tda_72h_standard,standard,1,562,0.13802953120270803,0.3416370106761566
9,tda,tda_72h_standard,standard,2,255,0.2482909197700157,0.23137254901960785
9,tda,tda_72h_standard,standard,3,259,0.35920207497139134,0.7606177606177607
9,tda,tda_72h_standard,standard,4,212,0.44922658841239715,0.8160377358490566
9,tda,tda_72h_standard,standard,5,123,0.543741828850075,0.5284552845528455
9,tda,tda_72h_standard,standard,6,53,0.658413185188801,0.22641509433962265
9,tda,tda_72h_standard,standard,7,116,0.7684400738194259,0.8362068965517241
9,tda,tda_72h_standard,standard,8,196,0.8290217058305449,1.0
10,market_probability,market_probability,none,0,16673,0.011476373353503117,0.0012595213818748876
10,market_probability,market_probability,none,1,1021,0.14520274240940256,0.465230166503428
10,market_probability,market_probability,none,2,735,0.24279319727891158,0.10748299319727891
10,market_probability,market_probability,none,3,796,0.3547613065326633,0.11055276381909548
10,market_probability,market_probability,none,4,678,0.4355862831858407,0.45132743362831856
10,market_probability,market_probability,none,5,307,0.5518403908794788,0.4234527687296417
10,market_probability,market_probability,none,6,214,0.6375700934579439,0.9719626168224299
10,market_probability,market_probability,none,7,392,0.7562627551020408,0.6785714285714286
10,market_probability,market_probability,none,8,21,0.8116666666666665,0.9047619047619048
10,market_probability,market_probability,none,9,89,0.9470195409213308,1.0
10,tda,tda_168h_balanced,balanced,0,11169,0.07281074457815237,0.0011639358939923002
10,tda,tda_168h_balanced,balanced,1,5748,0.1224017409434098,0.02940153096729297
10,tda,tda_168h_balanced,balanced,2,585,0.2406054773478817,0.3076923076923077
10,tda,tda_168h_balanced,balanced,3,490,0.3514869659203639,0.29183673469387755
10,tda,tda_168h_balanced,balanced,4,394,0.44081596712780086,0.14974619289340102
10,tda,tda_168h_balanced,balanced,5,258,0.5538165617479726,0.023255813953488372
10,tda,tda_168h_balanced,balanced,6,415,0.6500394334487402,0.12530120481927712
10,tda,tda_168h_balanced,balanced,7,468,0.7583791347802815,0.3418803418803419
10,tda,tda_168h_balanced,balanced,8,473,0.8467498549367257,0.4630021141649049
10,tda,tda_168h_balanced,balanced,9,926,0.9655666839350634,0.734341252699784
10,tda,tda_168h_standard,standard,0,18527,0.014687171685015451,0.03060398337561397
10,tda,tda_168h_standard,standard,1,759,0.1442785138848684,0.12384716732542819
10,tda,tda_168h_standard,standard,2,507,0.24301779497640807,0.5226824457593688
10,tda,tda_168h_standard,standard,3,214,0.3400859015794915,0.3691588785046729
10,tda,tda_168h_standard,standard,4,143,0.4518535922918541,0.26573426573426573
10,tda,tda_168h_standard,standard,5,218,0.5664609218787563,0.9311926605504587
10,tda,tda_168h_standard,standard,6,130,0.6315834725757193,0.7538461538461538
10,tda,tda_168h_standard,standard,7,163,0.7508116908487485,0.44171779141104295
10,tda,tda_168h_standard,standard,8,197,0.8391455675273632,1.0
10,tda,tda_168h_standard,standard,9,68,0.9156967665733206,1.0
10,tda,tda_24h_balanced,balanced,0,15431,0.06423413271337353,0.0009072645972393234
10,tda,tda_24h_balanced,balanced,1,1754,0.1341112596314148,0.19213226909920184
10,tda,tda_24h_balanced,balanced,2,777,0.24925654461240637,0.21364221364221364
10,tda,tda_24h_balanced,balanced,3,378,0.34535597654324585,0.13756613756613756
10,tda,tda_24h_balanced,balanced,4,311,0.4473847204851269,0.04180064308681672
10,tda,tda_24h_balanced,balanced,5,389,0.562183375909698,0.07969151670951156
10,tda,tda_24h_balanced,balanced,6,547,0.6439162641540248,0.35648994515539306
10,tda,tda_24h_balanced,balanced,7,275,0.7395457131725184,0.48727272727272725
10,tda,tda_24h_balanced,balanced,8,330,0.8515769763206957,0.4484848484848485
10,tda,tda_24h_balanced,balanced,9,734,0.9573536362940663,0.8051771117166212
10,tda,tda_24h_standard,standard,0,18761,0.012673296841047468,0.031235008794840362
10,tda,tda_24h_standard,standard,1,997,0.1390476692578014,0.3139418254764293
10,tda,tda_24h_standard,standard,2,255,0.25111389839940557,0.25098039215686274
10,tda,tda_24h_standard,standard,3,164,0.3565549199135969,0.6890243902439024
10,tda,tda_24h_standard,standard,4,178,0.44152934183366005,0.9662921348314607
10,tda,tda_24h_standard,standard,5,100,0.553970415902421,0.84
10,tda,tda_24h_standard,standard,6,224,0.6596711625013728,0.5714285714285714
10,tda,tda_24h_standard,standard,7,133,0.737672831368456,0.8045112781954887
10,tda,tda_24h_standard,standard,8,84,0.8568880955609999,1.0
10,tda,tda_24h_standard,standard,9,30,0.9182207175976929,1.0
10,tda,tda_72h_balanced,balanced,0,14340,0.0683695866918446,0.0008368200836820083
10,tda,tda_72h_balanced,balanced,1,2834,0.1258917362595859,0.07374735356386733
10,tda,tda_72h_balanced,balanced,2,643,0.24550827431364863,0.41835147744945567
10,tda,tda_72h_balanced,balanced,3,433,0.34888034694095543,0.15242494226327943
10,tda,tda_72h_balanced,balanced,4,296,0.45141145877439603,0.06756756756756757
10,tda,tda_72h_balanced,balanced,5,282,0.5492598030777863,0.014184397163120567
10,tda,tda_72h_balanced,balanced,6,523,0.6567216628764966,0.19120458891013384
10,tda,tda_72h_balanced,balanced,7,440,0.7429742777561716,0.5545454545454546
10,tda,tda_72h_balanced,balanced,8,310,0.8465038550993311,0.27741935483870966
10,tda,tda_72h_balanced,balanced,9,825,0.9596083893743493,0.8133333333333334
10,tda,tda_72h_standard,standard,0,18693,0.01336147372218856,0.030867169528700583
10,tda,tda_72h_standard,standard,1,929,0.1492123283095153,0.26264800861141013
10,tda,tda_72h_standard,standard,2,333,0.24670216133943876,0.45045045045045046
10,tda,tda_72h_standard,standard,3,144,0.33677996677793726,0.2847222222222222
10,tda,tda_72h_standard,standard,4,173,0.4466786808223883,0.8670520231213873
10,tda,tda_72h_standard,standard,5,178,0.5450444216198933,0.8539325842696629
10,tda,tda_72h_standard,standard,6,106,0.6571648525590822,0.5660377358490566
10,tda,tda_72h_standard,standard,7,222,0.7450937986479397,0.7252252252252253
10,tda,tda_72h_standard,standard,8,131,0.8589738035601481,0.9847328244274809
10,tda,tda_72h_standard,standard,9,17,0.9152014886644319,1.0
11,market_probability,market_probability,none,0,15906,0.011375619699137427,0.004463724380736829
11,market_probability,market_probability,none,1,1177,0.13211983182478765,0.2421410365335599
11,market_probability,market_probability,none,2,486,0.26118621399176956,0.2654320987654321
11,market_probability,market_probability,none,3,699,0.35183834048640916,0.2675250357653791
11,market_probability,market_probability,none,4,750,0.43435999999999997,0.448
11,market_probability,market_probability,none,5,112,0.5634821428571428,0.15178571428571427
11,market_probability,market_probability,none,6,350,0.6336571428571428,0.9114285714285715
11,market_probability,market_probability,none,7,25,0.7894,1.0
11,market_probability,market_probability,none,8,311,0.8629742765273312,1.0
11,tda,tda_168h_balanced,balanced,0,3543,0.09433158413683938,0.0
11,tda,tda_168h_balanced,balanced,1,9627,0.12051267723257335,0.0
11,tda,tda_168h_balanced,balanced,2,938,0.24366987526865103,0.14818763326226012
11,tda,tda_168h_balanced,balanced,3,245,0.33753391659959614,0.6081632653061224
11,tda,tda_168h_balanced,balanced,4,177,0.4466400681829169,0.5988700564971752
11,tda,tda_168h_balanced,balanced,5,228,0.5519743069687422,0.07894736842105263
11,tda,tda_168h_balanced,balanced,6,243,0.6661082134724312,0.4156378600823045
11,tda,tda_168h_balanced,balanced,7,1893,0.7496834922022927,0.01531959852086635
11,tda,tda_168h_balanced,balanced,8,1517,0.8385813768233882,0.2069874752801582
11,tda,tda_168h_balanced,balanced,9,1405,0.9749397455443374,0.5864768683274021
11,tda,tda_168h_standard,standard,0,14674,0.016993474083842008,0.027599836445413656
11,tda,tda_168h_standard,standard,1,1821,0.1661317844511416,0.07084019769357495
11,tda,tda_168h_standard,standard,2,1500,0.2447370650690422,0.14533333333333334
11,tda,tda_168h_standard,standard,3,471,0.3301227229704736,0.2356687898089172
11,tda,tda_168h_standard,standard,4,104,0.4427731954776256,0.057692307692307696
11,tda,tda_168h_standard,standard,5,83,0.5397259448862202,0.04819277108433735
11,tda,tda_168h_standard,standard,6,364,0.6455714986932088,0.6978021978021978
11,tda,tda_168h_standard,standard,7,210,0.7542335537979195,0.37142857142857144
11,tda,tda_168h_standard,standard,8,257,0.8650054899853874,0.5875486381322957
11,tda,tda_168h_standard,standard,9,332,0.9424796870078802,0.9759036144578314
11,tda,tda_24h_balanced,balanced,0,12963,0.0761856432308519,0.0004628558204119417
11,tda,tda_24h_balanced,balanced,1,3124,0.13743414501105267,0.04385403329065301
11,tda,tda_24h_balanced,balanced,2,870,0.2370937892681956,0.25517241379310346
11,tda,tda_24h_balanced,balanced,3,293,0.3501897769536876,0.32764505119453924
11,tda,tda_24h_balanced,balanced,4,330,0.449644607780868,0.19393939393939394
11,tda,tda_24h_balanced,balanced,5,295,0.54824904470816,0.3016949152542373
11,tda,tda_24h_balanced,balanced,6,401,0.6597133553874098,0.16708229426433915
11,tda,tda_24h_balanced,balanced,7,587,0.7428402313047591,0.444633730834753
11,tda,tda_24h_balanced,balanced,8,200,0.849742911122108,0.29
11,tda,tda_24h_balanced,balanced,9,753,0.9585067165082797,0.9030544488711819
11,tda,tda_24h_standard,standard,0,17676,0.01542489743567198,0.03173794976238968
11,tda,tda_24h_standard,standard,1,923,0.15381087424062886,0.28277356446370533
11,tda,tda_24h_standard,standard,2,326,0.2380295638797142,0.44171779141104295
11,tda,tda_24h_standard,standard,3,113,0.3536269888636491,0.18584070796460178
11,tda,tda_24h_standard,standard,4,218,0.45994672737516284,0.6834862385321101
11,tda,tda_24h_standard,standard,5,177,0.5404055993900148,0.9209039548022598
11,tda,tda_24h_standard,standard,6,23,0.6332404633188414,0.9130434782608695
11,tda,tda_24h_standard,standard,7,69,0.762479306153592,1.0
11,tda,tda_24h_standard,standard,8,258,0.8529198651930142,1.0
11,tda,tda_24h_standard,standard,9,33,0.9472564890960147,1.0
11,tda,tda_72h_balanced,balanced,0,8949,0.08123183369861656,0.0
11,tda,tda_72h_balanced,balanced,1,4712,0.12480059926067844,0.010611205432937181
11,tda,tda_72h_balanced,balanced,2,923,0.2571419312667371,0.20910075839653305
11,tda,tda_72h_balanced,balanced,3,1193,0.344367349117909,0.10896898575020955
11,tda,tda_72h_balanced,balanced,4,839,0.4460788978337365,0.08462455303933254
11,tda,tda_72h_balanced,balanced,5,468,0.5468442278593965,0.17307692307692307
11,tda,tda_72h_balanced,balanced,6,390,0.6529295527662539,0.14358974358974358
11,tda,tda_72h_balanced,balanced,7,781,0.7539779306148355,0.24327784891165172
11,tda,tda_72h_balanced,balanced,8,457,0.8435677648362208,0.2778993435448578
11,tda,tda_72h_balanced,balanced,9,1104,0.9626097088115623,0.7083333333333334
11,tda,tda_72h_standard,standard,0,16415,0.020525860430175975,0.02771855010660981
11,tda,tda_72h_standard,standard,1,1252,0.14206454709053412,0.15814696485623003
11,tda,tda_72h_standard,standard,2,769,0.24196372809695801,0.24577373211963588
11,tda,tda_72h_standard,standard,3,145,0.34454220874073643,0.1310344827586207
11,tda,tda_72h_standard,standard,4,249,0.4507165922660662,0.26506024096385544
11,tda,tda_72h_standard,standard,5,318,0.5468213027259747,0.5911949685534591
11,tda,tda_72h_standard,standard,6,135,0.6445867626136675,0.7037037037037037
11,tda,tda_72h_standard,standard,7,101,0.7527690728291105,0.6732673267326733
11,tda,tda_72h_standard,standard,8,272,0.862779205334553,0.9154411764705882
11,tda,tda_72h_standard,standard,9,160,0.9476029319852769,0.95625
12,market_probability,market_probability,none,0,12484,0.01829821101936491,0.022108298622236462
12,market_probability,market_probability,none,1,626,0.1339185303514377,0.09584664536741214
12,market_probability,market_probability,none,2,592,0.2602449324324324,0.0
12,market_probability,market_probability,none,3,753,0.36380478087649404,0.22576361221779548
12,market_probability,market_probability,none,4,936,0.44630341880341884,0.4967948717948718
12,market_probability,market_probability,none,5,83,0.5605421686746987,0.6746987951807228
12,market_probability,market_probability,none,6,237,0.6523628691983123,0.9113924050632911
12,market_probability,market_probability,none,7,104,0.7166346153846154,0.9711538461538461
12,market_probability,market_probability,none,8,61,0.895,1.0
12,market_probability,market_probability,none,9,275,0.9446381818181819,1.0
12,tda,tda_168h_balanced,balanced,0,1500,0.0903442422452723,0.0
12,tda,tda_168h_balanced,balanced,1,6289,0.13451162568440425,0.007473366194943552
12,tda,tda_168h_balanced,balanced,2,3287,0.2410395082661751,0.048372376026772135
12,tda,tda_168h_balanced,balanced,3,1194,0.3533491358675494,0.052763819095477386
12,tda,tda_168h_balanced,balanced,4,685,0.4395637568692669,0.06423357664233577
12,tda,tda_168h_balanced,balanced,5,426,0.5484861128430588,0.0539906103286385
12,tda,tda_168h_balanced,balanced,6,251,0.6464958366830247,0.00398406374501992
12,tda,tda_168h_balanced,balanced,7,332,0.7617986740454001,0.13253012048192772
12,tda,tda_168h_balanced,balanced,8,841,0.8583616699790378,0.4126040428061831
12,tda,tda_168h_balanced,balanced,9,1346,0.9623250263856672,0.7072808320950966
12,tda,tda_168h_standard,standard,0,13142,0.02851286863213654,0.024121138335108813
12,tda,tda_168h_standard,standard,1,594,0.13344804799413643,0.04377104377104377
12,tda,tda_168h_standard,standard,2,511,0.24790519937254707,0.2700587084148728
12,tda,tda_168h_standard,standard,3,580,0.3539471797781616,0.4672413793103448
12,tda,tda_168h_standard,standard,4,323,0.44543908434190277,0.30340557275541796
12,tda,tda_168h_standard,standard,5,205,0.5428092802146031,0.44390243902439025
12,tda,tda_168h_standard,standard,6,108,0.6435212893980152,0.6203703703703703
12,tda,tda_168h_standard,standard,7,245,0.7610556438341365,0.9428571428571428
12,tda,tda_168h_standard,standard,8,102,0.835755349888311,0.9803921568627451
12,tda,tda_168h_standard,standard,9,341,0.9648743069130841,1.0
12,tda,tda_24h_balanced,balanced,0,7332,0.07844798535577951,0.0
12,tda,tda_24h_balanced,balanced,1,4356,0.133912275574934,0.05876951331496786
12,tda,tda_24h_balanced,balanced,2,1010,0.24561182480626775,0.05247524752475247
12,tda,tda_24h_balanced,balanced,3,488,0.3374752290169788,0.02663934426229508
12,tda,tda_24h_balanced,balanced,4,371,0.44968438334293626,0.03773584905660377
12,tda,tda_24h_balanced,balanced,5,301,0.5602989984480814,0.04318936877076412
12,tda,tda_24h_balanced,balanced,6,396,0.648954046571846,0.25757575757575757
12,tda,tda_24h_balanced,balanced,7,673,0.7525713855835123,0.37295690936106984
12,tda,tda_24h_balanced,balanced,8,407,0.8463191520475734,0.597051597051597
12,tda,tda_24h_balanced,balanced,9,817,0.9675458941480898,0.8996328029375765
12,tda,tda_24h_standard,standard,0,13598,0.01900258863524122,0.024709516105309606
12,tda,tda_24h_standard,standard,1,851,0.14583001493326428,0.2009400705052879
12,tda,tda_24h_standard,standard,2,631,0.23900355764774192,0.4611727416798732
12,tda,tda_24h_standard,standard,3,207,0.34103893922339373,0.6280193236714976
12,tda,tda_24h_standard,standard,4,169,0.44718082074956217,0.6035502958579881
12,tda,tda_24h_standard,standard,5,117,0.5434860690620623,0.717948717948718
12,tda,tda_24h_standard,standard,6,148,0.6509204985792099,0.918918918918919
12,tda,tda_24h_standard,standard,7,77,0.7454668238967788,1.0
12,tda,tda_24h_standard,standard,8,79,0.8680351906890899,1.0
12,tda,tda_24h_standard,standard,9,274,0.932292169740169,1.0
12,tda,tda_72h_balanced,balanced,0,5485,0.07555549796258576,0.0
12,tda,tda_72h_balanced,balanced,1,4343,0.13733870077030447,0.04121574948192493
12,tda,tda_72h_balanced,balanced,2,2382,0.23576027244075803,0.02980688497061293
12,tda,tda_72h_balanced,balanced,3,783,0.3429819345865946,0.08173690932311622
12,tda,tda_72h_balanced,balanced,4,378,0.44675304197435717,0.05291005291005291
12,tda,tda_72h_balanced,balanced,5,287,0.5462326148984812,0.006968641114982578
12,tda,tda_72h_balanced,balanced,6,326,0.649971533115687,0.08895705521472393
12,tda,tda_72h_balanced,balanced,7,481,0.7539697471400804,0.4365904365904366
12,tda,tda_72h_balanced,balanced,8,725,0.8532122671988045,0.43586206896551727
12,tda,tda_72h_balanced,balanced,9,961,0.9668094234986911,0.8210197710718002
12,tda,tda_72h_standard,standard,0,13462,0.02255180379625628,0.02481057792304264
12,tda,tda_72h_standard,standard,1,725,0.14683900022871696,0.12551724137931033
12,tda,tda_72h_standard,standard,2,526,0.2500220810784417,0.5190114068441065
12,tda,tda_72h_standard,standard,3,409,0.3491921490500528,0.4352078239608802
12,tda,tda_72h_standard,standard,4,220,0.4431862119301048,0.2772727272727273
12,tda,tda_72h_standard,standard,5,163,0.5438032949831861,0.7116564417177914
12,tda,tda_72h_standard,standard,6,137,0.654966645793507,0.9124087591240876
12,tda,tda_72h_standard,standard,7,128,0.7485986082856394,0.953125
12,tda,tda_72h_standard,standard,8,55,0.8369680889982063,0.9818181818181818
12,tda,tda_72h_standard,standard,9,326,0.9440608308764543,1.0
13,market_probability,market_probability,none,0,12808,0.012539885190937265,0.014287945034353529
13,market_probability,market_probability,none,1,850,0.14208470575781174,0.18
13,market_probability,market_probability,none,2,458,0.250089519650655,0.2292576419213974
13,market_probability,market_probability,none,3,198,0.33514646464646464,0.6060606060606061
13,market_probability,market_probability,none,4,691,0.45338422575976844,0.46888567293777134
13,market_probability,market_probability,none,5,123,0.533459349593496,0.2682926829268293
13,market_probability,market_probability,none,6,49,0.6273265306122449,0.9591836734693877
13,market_probability,market_probability,none,7,325,0.7304153846153846,1.0
13,market_probability,market_probability,none,8,3,0.8716666666666667,1.0
13,market_probability,market_probability,none,9,308,0.9803068181817728,1.0
13,tda,tda_168h_balanced,balanced,0,6966,0.07915499183748007,0.0
13,tda,tda_168h_balanced,balanced,1,5848,0.13177448216676496,0.03608071135430917
13,tda,tda_168h_balanced,balanced,2,658,0.2477863326019334,0.14285714285714285
13,tda,tda_168h_balanced,balanced,3,249,0.3475514444556915,0.13253012048192772
13,tda,tda_168h_balanced,balanced,4,275,0.44618643117740825,0.01818181818181818
13,tda,tda_168h_balanced,balanced,5,153,0.5498048747794014,0.673202614379085
13,tda,tda_168h_balanced,balanced,6,33,0.635904685353083,0.7575757575757576
13,tda,tda_168h_balanced,balanced,7,403,0.769512987633132,0.6774193548387096
13,tda,tda_168h_balanced,balanced,8,424,0.852032424424618,0.35141509433962265
13,tda,tda_168h_balanced,balanced,9,804,0.978641965813317,0.8805970149253731
13,tda,tda_168h_standard,standard,0,14073,0.017027405414204395,0.027428409010161303
13,tda,tda_168h_standard,standard,1,184,0.14442518249810368,0.7989130434782609
13,tda,tda_168h_standard,standard,2,514,0.24016964999228635,0.6459143968871596
13,tda,tda_168h_standard,standard,3,242,0.34288461830009076,0.11983471074380166
13,tda,tda_168h_standard,standard,4,72,0.44460810275326956,0.4027777777777778
13,tda,tda_168h_standard,standard,5,69,0.5435266389512095,0.43478260869565216
13,tda,tda_168h_standard,standard,6,27,0.659151763824709,0.5925925925925926
13,tda,tda_168h_standard,standard,7,229,0.7418656870062299,1.0
13,tda,tda_168h_standard,standard,8,85,0.8637713235434973,1.0
13,tda,tda_168h_standard,standard,9,318,0.957963406749713,1.0
13,tda,tda_24h_balanced,balanced,0,3503,0.08531174411466863,0.0
13,tda,tda_24h_balanced,balanced,1,8629,0.13426455802474732,0.01297948777378607
13,tda,tda_24h_balanced,balanced,2,1171,0.23625979795960692,0.1520068317677199
13,tda,tda_24h_balanced,balanced,3,338,0.3409251110002719,0.13313609467455623
13,tda,tda_24h_balanced,balanced,4,253,0.45168530131714724,0.03557312252964427
13,tda,tda_24h_balanced,balanced,5,201,0.5469625013549416,0.40298507462686567
13,tda,tda_24h_balanced,balanced,6,117,0.6492573277760565,0.5811965811965812
13,tda,tda_24h_balanced,balanced,7,292,0.7631918873216509,0.613013698630137
13,tda,tda_24h_balanced,balanced,8,499,0.8536372597500798,0.44889779559118237
13,tda,tda_24h_balanced,balanced,9,810,0.9763701043120836,0.8703703703703703
13,tda,tda_24h_standard,standard,0,13935,0.021000111298012252,0.02518837459634015
13,tda,tda_24h_standard,standard,1,307,0.1364880014785769,0.5276872964169381
13,tda,tda_24h_standard,standard,2,413,0.2491675689853759,0.6561743341404358
13,tda,tda_24h_standard,standard,3,286,0.3493606113455056,0.3321678321678322
13,tda,tda_24h_standard,standard,4,131,0.4310488057807587,0.26717557251908397
13,tda,tda_24h_standard,standard,5,73,0.5471741171556675,0.5068493150684932
13,tda,tda_24h_standard,standard,6,54,0.6606441874649387,0.6666666666666666
13,tda,tda_24h_standard,standard,7,198,0.7517699394391378,1.0
13,tda,tda_24h_standard,standard,8,105,0.8472508695626584,1.0
13,tda,tda_24h_standard,standard,9,311,0.955018911698939,1.0
13,tda,tda_72h_balanced,balanced,0,5414,0.08855575302873261,0.0
13,tda,tda_72h_balanced,balanced,1,6440,0.13168060741943785,0.02391304347826087
13,tda,tda_72h_balanced,balanced,2,1119,0.24763662766237163,0.128686327077748
13,tda,tda_72h_balanced,balanced,3,619,0.34085090933309076,0.024232633279483037
13,tda,tda_72h_balanced,balanced,4,273,0.4449030990591673,0.0695970695970696
13,tda,tda_72h_balanced,balanced,5,193,0.5437146645771386,0.32642487046632124
13,tda,tda_72h_balanced,balanced,6,145,0.6461322129557542,0.6758620689655173
13,tda,tda_72h_balanced,balanced,7,257,0.7742535934108805,0.6653696498054474
13,tda,tda_72h_balanced,balanced,8,519,0.8508508838688297,0.45472061657032753
13,tda,tda_72h_balanced,balanced,9,834,0.9766322281523101,0.8405275779376499
13,tda,tda_72h_standard,standard,0,13945,0.020643345047509715,0.025026891358910005
13,tda,tda_72h_standard,standard,1,282,0.13871491825375337,0.5425531914893617
13,tda,tda_72h_standard,standard,2,404,0.2471777075770659,0.6485148514851485
13,tda,tda_72h_standard,standard,3,324,0.34397755453672135,0.404320987654321
13,tda,tda_72h_standard,standard,4,117,0.44004013548866416,0.18803418803418803
13,tda,tda_72h_standard,standard,5,65,0.550108247207175,0.5230769230769231
13,tda,tda_72h_standard,standard,6,25,0.6661969609376877,0.72
13,tda,tda_72h_standard,standard,7,216,0.7430448065297213,0.9259259259259259
13,tda,tda_72h_standard,standard,8,101,0.8376344603691992,0.9702970297029703
13,tda,tda_72h_standard,standard,9,334,0.955736069311767,1.0
14,market_probability,market_probability,none,0,9462,0.010863242443458073,0.020291693088142042
14,market_probability,market_probability,none,1,474,0.1464873417721519,0.3037974683544304
14,market_probability,market_probability,none,2,194,0.23853092783505153,0.15463917525773196
14,market_probability,market_probability,none,3,256,0.349609375,1.0
14,market_probability,market_probability,none,4,174,0.46166666666666667,0.28735632183908044
14,market_probability,market_probability,none,5,212,0.5410141509433962,0.0
14,market_probability,market_probability,none,6,17,0.6911764705882353,1.0
14,market_probability,market_probability,none,7,309,0.7499838187702266,1.0
14,market_probability,market_probability,none,8,10,0.808,1.0
14,market_probability,market_probability,none,9,336,0.9612559523809525,1.0
14,tda,tda_168h_balanced,balanced,1,66,0.17646360452082482,0.0
14,tda,tda_168h_balanced,balanced,2,901,0.2551082029019059,0.0
14,tda,tda_168h_balanced,balanced,3,1455,0.36038434643494915,0.0006872852233676976
14,tda,tda_168h_balanced,balanced,4,2417,0.45143811027396513,0.01075713694662805
14,tda,tda_168h_balanced,balanced,5,2310,0.5446147287102112,0.03982683982683983
14,tda,tda_168h_balanced,balanced,6,689,0.6419888955913183,0.14949201741654572
14,tda,tda_168h_balanced,balanced,7,407,0.746314944873331,0.11793611793611794
14,tda,tda_168h_balanced,balanced,8,1466,0.845334759826575,0.0252387448840382
14,tda,tda_168h_balanced,balanced,9,1733,0.9725312462710269,0.5983843046739757
14,tda,tda_168h_standard,standard,0,4145,0.07082124132965778,0.005548854041013269
14,tda,tda_168h_standard,standard,1,3523,0.13130506856375548,0.04797047970479705
14,tda,tda_168h_standard,standard,2,509,0.24215125164205498,0.14931237721021612
14,tda,tda_168h_standard,standard,3,931,0.3696103297625042,0.023630504833512353
14,tda,tda_168h_standard,standard,4,643,0.4354754995871769,0.03732503888024884
14,tda,tda_168h_standard,standard,5,295,0.5395438424618896,0.3050847457627119
14,tda,tda_168h_standard,standard,6,243,0.6488045873388135,0.6378600823045267
14,tda,tda_168h_standard,standard,7,172,0.7534831689759965,0.22093023255813954
14,tda,tda_168h_standard,standard,8,165,0.850767241809073,0.4121212121212121
14,tda,tda_168h_standard,standard,9,818,0.9771009787484916,0.8300733496332519
14,tda,tda_24h_balanced,balanced,0,51,0.09043320644250341,0.0
14,tda,tda_24h_balanced,balanced,1,1428,0.17270513896694242,0.0014005602240896359
14,tda,tda_24h_balanced,balanced,2,3768,0.2588829502741454,0.007961783439490446
14,tda,tda_24h_balanced,balanced,3,3005,0.33985958498099017,0.023627287853577372
14,tda,tda_24h_balanced,balanced,4,1109,0.4396309912327023,0.12353471596032461
14,tda,tda_24h_balanced,balanced,5,340,0.5483856645415149,0.2235294117647059
14,tda,tda_24h_balanced,balanced,6,259,0.6494586581593645,0.06563706563706563
14,tda,tda_24h_balanced,balanced,7,165,0.7468375200393371,0.4
14,tda,tda_24h_balanced,balanced,8,163,0.8514469836556192,0.754601226993865
14,tda,tda_24h_balanced,balanced,9,1156,0.9768830659053109,0.7110726643598616
14,tda,tda_24h_standard,standard,0,9170,0.05161106038430055,0.023336968375136314
14,tda,tda_24h_standard,standard,1,767,0.13595069385958408,0.16036505867014342
14,tda,tda_24h_standard,standard,2,198,0.23887344365717467,0.3787878787878788
14,tda,tda_24h_standard,standard,3,100,0.339283730661644,0.63
14,tda,tda_24h_standard,standard,4,109,0.45784062351758903,0.8532110091743119
14,tda,tda_24h_standard,standard,5,143,0.5402511562388829,0.6363636363636364
14,tda,tda_24h_standard,standard,6,136,0.6549498595869903,0.07352941176470588
14,tda,tda_24h_standard,standard,7,87,0.7352944571462645,0.034482758620689655
14,tda,tda_24h_standard,standard,8,139,0.8589464806837915,0.5611510791366906
14,tda,tda_24h_standard,standard,9,595,0.963040591684983,0.9983193277310924
14,tda,tda_72h_balanced,balanced,1,300,0.16393197572980295,0.0
14,tda,tda_72h_balanced,balanced,2,1764,0.2567348805620735,0.0005668934240362812
14,tda,tda_72h_balanced,balanced,3,1077,0.34384126188889386,0.04735376044568245
14,tda,tda_72h_balanced,balanced,4,3188,0.4537066130278955,0.013174404015056462
14,tda,tda_72h_balanced,balanced,5,1476,0.5441175880118255,0.04607046070460705
14,tda,tda_72h_balanced,balanced,6,1068,0.6541486875798121,0.07584269662921349
14,tda,tda_72h_balanced,balanced,7,511,0.7487710126223955,0.11741682974559686
14,tda,tda_72h_balanced,balanced,8,413,0.8490398757268601,0.25907990314769974
14,tda,tda_72h_balanced,balanced,9,1647,0.9732683154083012,0.5670916818457802
14,tda,tda_72h_standard,standard,0,5346,0.06462233469149087,0.017022072577628132
14,tda,tda_72h_standard,standard,1,3115,0.13021818584041592,0.043659711075441414
14,tda,tda_72h_standard,standard,2,842,0.23428448711558128,0.09263657957244656
14,tda,tda_72h_standard,standard,3,348,0.339798622780592,0.19540229885057472
14,tda,tda_72h_standard,standard,4,188,0.4547900472114537,0.35106382978723405
14,tda,tda_72h_standard,standard,5,171,0.5665883933428093,0.3684210526315789
14,tda,tda_72h_standard,standard,6,368,0.6435581617353952,0.2391304347826087
14,tda,tda_72h_standard,standard,7,113,0.750700609403681,0.37168141592920356
14,tda,tda_72h_standard,standard,8,200,0.8481134068175621,0.105
14,tda,tda_72h_standard,standard,9,753,0.9714981619977643,0.9176626826029216
15,market_probability,market_probability,none,0,9783,0.010515944670246658,0.03434529285495247
15,market_probability,market_probability,none,1,210,0.14697619047619048,0.0
15,market_probability,market_probability,none,2,89,0.2185393258426966,0.0
15,market_probability,market_probability,none,3,122,0.37836065573770494,0.9918032786885246
15,market_probability,market_probability,none,4,428,0.4588434579439252,0.4649532710280374
15,market_probability,market_probability,none,5,123,0.5215040650406504,0.13008130081300814
15,market_probability,market_probability,none,7,138,0.7571376811594203,1.0
15,market_probability,market_probability,none,8,198,0.848939393939394,1.0
15,market_probability,market_probability,none,9,336,0.942860119047619,1.0
15,tda,tda_168h_balanced,balanced,2,2692,0.2679068959113286,0.0
15,tda,tda_168h_balanced,balanced,3,2893,0.3494024697462146,0.029381265122709988
15,tda,tda_168h_balanced,balanced,4,2585,0.4314114744229403,0.03597678916827853
15,tda,tda_168h_balanced,balanced,5,1336,0.5472261768190725,0.08383233532934131
15,tda,tda_168h_balanced,balanced,6,275,0.6382464948350361,0.10909090909090909
15,tda,tda_168h_balanced,balanced,7,209,0.7440595057436447,0.06698564593301436
15,tda,tda_168h_balanced,balanced,8,81,0.849265402056449,0.024691358024691357
15,tda,tda_168h_balanced,balanced,9,1356,0.9809882846842747,0.7433628318584071
15,tda,tda_168h_standard,standard,0,8442,0.057994126968277174,0.027126273394930112
15,tda,tda_168h_standard,standard,1,1436,0.12286759034265474,0.07311977715877438
15,tda,tda_168h_standard,standard,2,125,0.22818136672581502,0.0
15,tda,tda_168h_standard,standard,3,65,0.3380559855010898,0.015384615384615385
15,tda,tda_168h_standard,standard,4,56,0.438846627238004,0.8035714285714286
15,tda,tda_168h_standard,standard,5,88,0.5536221934901693,0.5568181818181818
15,tda,tda_168h_standard,standard,6,260,0.6563046444932219,0.45
15,tda,tda_168h_standard,standard,7,226,0.7374428996665167,0.5486725663716814
15,tda,tda_168h_standard,standard,8,54,0.8603846147962133,0.018518518518518517
15,tda,tda_168h_standard,standard,9,675,0.978598580569552,0.997037037037037
15,tda,tda_24h_balanced,balanced,0,2088,0.08884398016954499,0.0
15,tda,tda_24h_balanced,balanced,1,3273,0.13730437335349505,0.044912923923006415
15,tda,tda_24h_balanced,balanced,2,1832,0.2405987163652779,0.026200873362445413
15,tda,tda_24h_balanced,balanced,3,929,0.35231977240403095,0.05597416576964478
15,tda,tda_24h_balanced,balanced,4,1438,0.44131402754796556,0.017385257301808066
15,tda,tda_24h_balanced,balanced,5,431,0.5354225861613936,0.12993039443155452
15,tda,tda_24h_balanced,balanced,6,84,0.6527456057633285,0.5
15,tda,tda_24h_balanced,balanced,7,112,0.7441927562028854,0.625
15,tda,tda_24h_balanced,balanced,8,189,0.854277534929164,0.38095238095238093
15,tda,tda_24h_balanced,balanced,9,1051,0.9765932939492225,0.7916270218839201
15,tda,tda_24h_standard,standard,0,9128,0.034253972606996134,0.029141104294478526
15,tda,tda_24h_standard,standard,1,965,0.1236004853305609,0.138860103626943
15,tda,tda_24h_standard,standard,2,150,0.2464819256965949,0.43333333333333335
15,tda,tda_24h_standard,standard,3,100,0.34455080625142914,0.32
15,tda,tda_24h_standard,standard,4,143,0.44888915522962286,0.40559440559440557
15,tda,tda_24h_standard,standard,5,92,0.5521308230570617,0.358695652173913
15,tda,tda_24h_standard,standard,6,47,0.6376721582004574,0.3617021276595745
15,tda,tda_24h_standard,standard,7,159,0.7586346243075941,0.7232704402515723
15,tda,tda_24h_standard,standard,8,114,0.8429601917285432,0.8333333333333334
15,tda,tda_24h_standard,standard,9,529,0.9595613407877073,1.0
15,tda,tda_72h_balanced,balanced,0,18,0.09876186705865692,0.0
15,tda,tda_72h_balanced,balanced,1,1879,0.12640531911253566,0.034060670569451834
15,tda,tda_72h_balanced,balanced,2,2690,0.25507131502658864,0.0011152416356877324
15,tda,tda_72h_balanced,balanced,3,2680,0.35614001989126215,0.03283582089552239
15,tda,tda_72h_balanced,balanced,4,1576,0.4550016531561686,0.056472081218274114
15,tda,tda_72h_balanced,balanced,5,926,0.5325146429674451,0.052915766738660906
15,tda,tda_72h_balanced,balanced,6,237,0.6367013105643615,0.16877637130801687
15,tda,tda_72h_balanced,balanced,7,101,0.756784684911147,0.49504950495049505
15,tda,tda_72h_balanced,balanced,8,58,0.8399991636407442,0.6206896551724138
15,tda,tda_72h_balanced,balanced,9,1262,0.9770119624526595,0.7329635499207607
15,tda,tda_72h_standard,standard,0,8464,0.04733253029455101,0.029064272211720227
15,tda,tda_72h_standard,standard,1,1564,0.1197530589056823,0.06457800511508952
15,tda,tda_72h_standard,standard,2,106,0.24224060355589447,0.5283018867924528
15,tda,tda_72h_standard,standard,3,22,0.35110849551153406,0.3181818181818182
15,tda,tda_72h_standard,standard,4,116,0.4542947108685363,0.25
15,tda,tda_72h_standard,standard,5,161,0.5487776313444463,0.7080745341614907
15,tda,tda_72h_standard,standard,6,96,0.6552675211957425,0.3333333333333333
15,tda,tda_72h_standard,standard,7,168,0.7410213491686456,0.2857142857142857
15,tda,tda_72h_standard,standard,8,125,0.8373901526721135,0.856
15,tda,tda_72h_standard,standard,9,605,0.9720546620006562,0.9983471074380166
16,market_probability,market_probability,none,0,6565,0.022338473798915917,0.05118050266565118
16,market_probability,market_probability,none,1,619,0.13833602584814217,0.0
16,market_probability,market_probability,none,2,545,0.2520366972477064,0.0
16,market_probability,market_probability,none,3,310,0.3450322580645161,0.0
16,market_probability,market_probability,none,4,162,0.44540123456790126,0.21604938271604937
16,market_probability,market_probability,none,5,237,0.5493459915611814,0.8354430379746836
16,market_probability,market_probability,none,6,104,0.6276923076923077,0.9903846153846154
16,market_probability,market_probability,none,8,268,0.8651679104477612,1.0
16,market_probability,market_probability,none,9,154,0.927209605605515,1.0
16,tda,tda_168h_balanced,balanced,0,1561,0.08511961307610368,0.02626521460602178
16,tda,tda_168h_balanced,balanced,1,2108,0.13796177381854796,0.09487666034155598
16,tda,tda_168h_balanced,balanced,2,1351,0.2510311030739456,0.008882309400444115
16,tda,tda_168h_balanced,balanced,3,853,0.3474737718690934,0.026963657678780773
16,tda,tda_168h_balanced,balanced,4,734,0.4446309297755284,0.027247956403269755
16,tda,tda_168h_balanced,balanced,5,658,0.5494261071770408,0.0243161094224924
16,tda,tda_168h_balanced,balanced,6,387,0.6505264702896651,0.031007751937984496
16,tda,tda_168h_balanced,balanced,7,258,0.7438338428665389,0.03875968992248062
16,tda,tda_168h_balanced,balanced,8,145,0.8499750189994908,0.12413793103448276
16,tda,tda_168h_balanced,balanced,9,909,0.972879744700288,0.8162816281628162
16,tda,tda_168h_standard,standard,0,6510,0.03509526024788943,0.04516129032258064
16,tda,tda_168h_standard,standard,1,1120,0.13738936752953768,0.025
16,tda,tda_168h_standard,standard,2,302,0.2383162500580019,0.03642384105960265
16,tda,tda_168h_standard,standard,3,79,0.3433644791022198,0.13924050632911392
16,tda,tda_168h_standard,standard,4,134,0.453464586298175,0.5447761194029851
16,tda,tda_168h_standard,standard,5,156,0.5407612339765394,0.7243589743589743
16,tda,tda_168h_standard,standard,6,54,0.6423720095389096,0.35185185185185186
16,tda,tda_168h_standard,standard,7,102,0.7605357508023485,0.8823529411764706
16,tda,tda_168h_standard,standard,8,76,0.8481920320379821,0.4342105263157895
16,tda,tda_168h_standard,standard,9,431,0.9502077354220532,0.9791183294663574
16,tda,tda_24h_balanced,balanced,0,4498,0.07975264555390148,0.014895509115162294
16,tda,tda_24h_balanced,balanced,1,2313,0.13152577293924825,0.11413748378728923
16,tda,tda_24h_balanced,balanced,2,366,0.24628588778746868,0.00819672131147541
16,tda,tda_24h_balanced,balanced,3,252,0.35284991876242844,0.007936507936507936
16,tda,tda_24h_balanced,balanced,4,264,0.4462921053514621,0.0
16,tda,tda_24h_balanced,balanced,5,208,0.5467060430971032,0.0
16,tda,tda_24h_balanced,balanced,6,135,0.6491738231913756,0.0
16,tda,tda_24h_balanced,balanced,7,102,0.748890696848435,0.1568627450980392
16,tda,tda_24h_balanced,balanced,8,219,0.8671247280441334,0.6666666666666666
16,tda,tda_24h_balanced,balanced,9,607,0.9728977349602189,0.9818780889621087
16,tda,tda_24h_standard,standard,0,7729,0.019836147991705015,0.04347263552852892
16,tda,tda_24h_standard,standard,1,330,0.1358428607729525,0.0
16,tda,tda_24h_standard,standard,2,92,0.24561194909333878,0.18478260869565216
16,tda,tda_24h_standard,standard,3,143,0.3579760158426951,0.7482517482517482
16,tda,tda_24h_standard,standard,4,147,0.44095235518778025,0.8231292517006803
16,tda,tda_24h_standard,standard,5,73,0.5379309019570414,0.9315068493150684
16,tda,tda_24h_standard,standard,6,26,0.633597913401235,0.8846153846153846
16,tda,tda_24h_standard,standard,7,1,0.7584662309576796,0.0
16,tda,tda_24h_standard,standard,8,243,0.8718663487077098,0.9958847736625515
16,tda,tda_24h_standard,standard,9,180,0.9224607066757733,1.0
16,tda,tda_72h_balanced,balanced,0,2726,0.08135356604573352,0.017241379310344827
16,tda,tda_72h_balanced,balanced,1,3241,0.1349245200006306,0.07621104597346498
16,tda,tda_72h_balanced,balanced,2,782,0.24804780539071442,0.026854219948849106
16,tda,tda_72h_balanced,balanced,3,449,0.3473323176262305,0.017817371937639197
16,tda,tda_72h_balanced,balanced,4,327,0.45240331692516195,0.027522935779816515
16,tda,tda_72h_balanced,balanced,5,256,0.5448356684808943,0.0078125
16,tda,tda_72h_balanced,balanced,6,179,0.6420040226226034,0.0111731843575419
16,tda,tda_72h_balanced,balanced,7,112,0.7477861033197788,0.0
16,tda,tda_72h_balanced,balanced,8,144,0.8652867339322341,0.5
16,tda,tda_72h_balanced,balanced,9,748,0.9693401065627305,0.9171122994652406
16,tda,tda_72h_standard,standard,0,7517,0.025035420268683932,0.043900492217640016
16,tda,tda_72h_standard,standard,1,462,0.13503703508169032,0.012987012987012988
16,tda,tda_72h_standard,standard,2,104,0.244360368587047,0.009615384615384616
16,tda,tda_72h_standard,standard,3,98,0.3581321103148907,0.47959183673469385
16,tda,tda_72h_standard,standard,4,146,0.45425726283918133,0.8904109589041096
16,tda,tda_72h_standard,standard,5,125,0.5440372479745259,0.856
16,tda,tda_72h_standard,standard,6,58,0.6533553863648516,0.6896551724137931
16,tda,tda_72h_standard,standard,7,26,0.7236865994606914,0.4230769230769231
16,tda,tda_72h_standard,standard,8,141,0.8858121686699261,0.9645390070921985
16,tda,tda_72h_standard,standard,9,287,0.9351305803326244,0.9965156794425087
17,market_probability,market_probability,none,0,5283,0.022314093403946092,0.06360022714366836
17,market_probability,market_probability,none,1,413,0.13482445520581113,0.0
17,market_probability,market_probability,none,2,116,0.2726724137931034,0.0
17,market_probability,market_probability,none,3,48,0.35354166666666664,0.0
17,market_probability,market_probability,none,4,26,0.43211538461538457,0.0
17,market_probability,market_probability,none,5,18,0.5852777777777778,0.8888888888888888
17,market_probability,market_probability,none,6,69,0.6258695652173913,1.0
17,market_probability,market_probability,none,7,2,0.705,1.0
17,market_probability,market_probability,none,8,249,0.8493775100401607,1.0
17,market_probability,market_probability,none,9,336,0.9494255952380952,1.0
17,tda,tda_168h_balanced,balanced,0,3471,0.08368864447040915,0.049265341400172864
17,tda,tda_168h_balanced,balanced,1,2010,0.12704182435980624,0.08208955223880597
17,tda,tda_168h_balanced,balanced,2,202,0.2385349088017178,0.0
17,tda,tda_168h_balanced,balanced,3,52,0.34633742734163026,0.0
17,tda,tda_168h_balanced,balanced,4,72,0.4637278125440051,0.0
17,tda,tda_168h_balanced,balanced,5,27,0.5156990595122855,0.0
17,tda,tda_168h_balanced,balanced,6,25,0.6705266653073272,0.0
17,tda,tda_168h_balanced,balanced,7,25,0.7516026652475625,0.0
17,tda,tda_168h_balanced,balanced,8,4,0.8444199325674004,0.0
17,tda,tda_168h_balanced,balanced,9,672,0.9879597183100166,1.0
17,tda,tda_168h_standard,standard,0,5832,0.015553986278468887,0.05761316872427984
17,tda,tda_168h_standard,standard,1,37,0.1620354877838928,0.0
17,tda,tda_168h_standard,standard,2,17,0.2301190684558064,0.0
17,tda,tda_168h_standard,standard,3,2,0.35321870384716136,0.0
17,tda,tda_168h_standard,standard,4,33,0.4831206637930217,1.0
17,tda,tda_168h_standard,standard,5,50,0.54473775836321,1.0
17,tda,tda_168h_standard,standard,6,4,0.6701678207053153,1.0
17,tda,tda_168h_standard,standard,8,181,0.8870213535898056,1.0
17,tda,tda_168h_standard,standard,9,404,0.9372942604341932,1.0
17,tda,tda_24h_balanced,balanced,0,3935,0.08253713623859316,0.05184243964421855
17,tda,tda_24h_balanced,balanced,1,1558,0.1280674919900025,0.08472400513478819
17,tda,tda_24h_balanced,balanced,2,190,0.23523910036833867,0.0
17,tda,tda_24h_balanced,balanced,3,45,0.3503428288005711,0.0
17,tda,tda_24h_balanced,balanced,4,95,0.46008409405929573,0.0
17,tda,tda_24h_balanced,balanced,5,13,0.543288346516163,0.0
17,tda,tda_24h_balanced,balanced,6,29,0.6563530528242943,0.0
17,tda,tda_24h_balanced,balanced,7,20,0.7317445080223879,0.0
17,tda,tda_24h_balanced,balanced,8,3,0.8341566584384977,0.0
17,tda,tda_24h_balanced,balanced,9,672,0.9844677066931011,1.0
17,tda,tda_24h_standard,standard,0,5826,0.015554053353302611,0.057672502574665295
17,tda,tda_24h_standard,standard,1,50,0.154476786502668,0.0
17,tda,tda_24h_standard,standard,2,10,0.23052903050602583,0.0
17,tda,tda_24h_standard,standard,3,2,0.3320673376631702,0.0
17,tda,tda_24h_standard,standard,4,36,0.47112147414156,1.0
17,tda,tda_24h_standard,standard,5,48,0.5196186506312827,1.0
17,tda,tda_24h_standard,standard,6,3,0.6386755454690931,1.0
17,tda,tda_24h_standard,standard,8,249,0.8616326102429887,1.0
17,tda,tda_24h_standard,standard,9,336,0.9266604444096228,1.0
17,tda,tda_72h_balanced,balanced,0,3364,0.08490715474259604,0.045778834720570746
17,tda,tda_72h_balanced,balanced,1,2105,0.12612281069254602,0.08646080760095012
17,tda,tda_72h_balanced,balanced,2,218,0.23443529351701697,0.0
17,tda,tda_72h_balanced,balanced,3,43,0.35814656740899026,0.0
17,tda,tda_72h_balanced,balanced,4,66,0.46151612224726624,0.0
17,tda,tda_72h_balanced,balanced,5,37,0.5221053376193242,0.0
17,tda,tda_72h_balanced,balanced,6,24,0.6694542333419645,0.0
17,tda,tda_72h_balanced,balanced,7,28,0.7455319688983423,0.0
17,tda,tda_72h_balanced,balanced,8,3,0.8449049662524827,0.0
17,tda,tda_72h_balanced,balanced,9,672,0.9866374754654834,1.0
17,tda,tda_72h_standard,standard,0,5813,0.01618591626388737,0.05780147944262859
17,tda,tda_72h_standard,standard,1,53,0.1436156694002702,0.0
17,tda,tda_72h_standard,standard,2,20,0.22676024139770418,0.0
17,tda,tda_72h_standard,standard,3,2,0.327441239754997,0.0
17,tda,tda_72h_standard,standard,4,33,0.4657407228070616,1.0
17,tda,tda_72h_standard,standard,5,45,0.5478788488323262,1.0
17,tda,tda_72h_standard,standard,6,6,0.6336933325501154,1.0
17,tda,tda_72h_standard,standard,7,3,0.7145527316230748,1.0
17,tda,tda_72h_standard,standard,8,232,0.8781450484333997,1.0
17,tda,tda_72h_standard,standard,9,353,0.935762766239836,1.0
