market_id,question,broad_domain,broad_family,resolved_outcome,Y_i,volume,start_date,end_date,close_date,active_start,active_end,active_duration_hours,observed_duration_hours,first_observed_timestamp,last_observed_timestamp,observed_hours,average_pairwise_overlap
601697,Fed decreases interest rates by 50+ bps after January 2026 meeting?,macro,macro_fed_rates,No,0,235065166.637259,2025-09-17 19:03:50.012988+00:00,2026-01-28 00:00:00+00:00,2026-01-28 22:53:04+00:00,2025-09-17 19:03:50.012988+00:00,2026-01-28 22:53:04+00:00,3195.820551947778,3194.0,2025-09-17 20:00:00+00:00,2026-01-28 22:00:00+00:00,3186,0.013985539797785527
601700,Fed increases interest rates by 25+ bps after January 2026 meeting?,macro,macro_fed_rates,No,0,216455743.153891,2025-09-17 19:03:55.038077+00:00,2026-01-28 00:00:00+00:00,2026-01-28 23:04:04+00:00,2025-09-17 19:03:55.038077+00:00,2026-01-28 23:04:04+00:00,3196.0024894230555,3195.0,2025-09-17 20:00:00+00:00,2026-01-28 23:00:00+00:00,3187,0.014025723497653426
654415,Will the Fed increase interest rates by 25+ bps after the March 2026 meeting?,macro,macro_fed_rates,No,0,172972056.63332495,2025-10-29 19:01:07.490058+00:00,2026-03-18 00:00:00+00:00,2026-03-18 21:19:03+00:00,2025-10-29 19:01:07.490058+00:00,2026-03-18 21:19:03+00:00,3362.298752761667,3361.0,2025-10-29 20:00:00+00:00,2026-03-18 21:00:00+00:00,3353,0.013493381829347026
570360,Fed decreases interest rates by 50+ bps after December 2025 meeting?,macro,macro_fed_rates,No,0,161574382.129451,2025-07-31 19:47:24.365335+00:00,2025-12-10 00:00:00+00:00,2025-12-10 22:17:52+00:00,2025-07-31 19:47:24.365335+00:00,2025-12-10 22:17:52+00:00,3170.5076762958333,3169.0,2025-07-31 21:00:00+00:00,2025-12-10 22:00:00+00:00,3165,0.012289662710926507
504494,Fed increases interest rates by 25+ bps after November 2024 meeting?,macro,macro_fed_rates,No,0,133955589.249666,2024-08-02 19:36:17.448261+00:00,2024-11-07 12:00:00+00:00,2024-11-07 22:44:32+00:00,2024-08-02 19:36:17.448261+00:00,2024-11-07 22:44:32+00:00,2331.1373754830556,2237.0,2024-08-06 17:00:00+00:00,2024-11-07 22:00:00+00:00,2238,0.004619782577698403
570363,Fed increases interest rates by 25+ bps after December 2025 meeting?,macro,macro_fed_rates,No,0,133173605.453166,2025-07-31 19:47:28.374313+00:00,2025-12-10 00:00:00+00:00,2025-12-10 22:18:48+00:00,2025-07-31 19:47:28.374313+00:00,2025-12-10 22:18:48+00:00,3170.522118246389,3169.0,2025-07-31 21:00:00+00:00,2025-12-10 22:00:00+00:00,3165,0.012289662710926507
572473,Will Trump nominate Judy Shelton as the next Fed chair?,macro,macro_fed_rates,No,0,127684064.95211223,2025-08-05 17:28:21.437992+00:00,2026-12-31 00:00:00+00:00,2026-03-04 19:25:55+00:00,2025-08-05 17:28:21.437992+00:00,2026-12-31 00:00:00+00:00,12294.527378335555,5065.0,2025-08-05 18:00:00+00:00,2026-03-04 19:00:00+00:00,5052,0.011625048938097194
601699,No change in Fed interest rates after January 2026 meeting?,macro,macro_fed_rates,Yes,1,106767096.072298,2025-09-17 19:03:52.068853+00:00,2026-01-28 00:00:00+00:00,2026-01-28 22:52:08+00:00,2025-09-17 19:03:52.068853+00:00,2026-01-28 22:52:08+00:00,3195.8044253186113,3194.0,2025-09-17 20:00:00+00:00,2026-01-28 22:00:00+00:00,3183,0.013985539797785527
553813,Fed increases interest rates by 25+ bps after October 2025 meeting?,macro,macro_fed_rates,No,0,102216689.131463,2025-06-19 16:48:30.453858+00:00,2025-10-29 12:00:00+00:00,2025-10-31 03:33:31+00:00,2025-06-19 16:48:30.453858+00:00,2025-10-31 03:33:31+00:00,3202.7501517061114,3202.0,2025-06-19 17:00:00+00:00,2025-10-31 03:00:00+00:00,3202,0.008752741594112993
601698,Fed decreases interest rates by 25 bps after January 2026 meeting?,macro,macro_fed_rates,No,0,101211542.667667,2025-09-17 19:03:51.816263+00:00,2026-01-28 00:00:00+00:00,2026-01-28 22:54:06+00:00,2025-09-17 19:03:51.816263+00:00,2026-01-28 22:54:06+00:00,3195.837273260278,3194.0,2025-09-17 20:00:00+00:00,2026-01-28 22:00:00+00:00,3186,0.013985539797785527
654413,Will the Fed decrease interest rates by 25 bps after the March 2026 meeting?,macro,macro_fed_rates,No,0,87103283.7263213,2025-10-29 19:01:04.993149+00:00,2026-03-18 00:00:00+00:00,2026-03-18 21:18:07+00:00,2025-10-29 19:01:04.993149+00:00,2026-03-18 21:18:07+00:00,3362.2838907919445,3361.0,2025-10-29 20:00:00+00:00,2026-03-18 21:00:00+00:00,3353,0.013493381829347026
669662,Will there be no change in Fed interest rates after the April 2026 meeting?,macro,macro_fed_rates,Yes,1,76909226.49304736,2025-11-13 00:40:36.249998+00:00,2026-04-29 00:00:00+00:00,2026-04-29 21:24:28+00:00,2025-11-13 00:40:36.249998+00:00,2026-04-29 21:24:28+00:00,4028.731041667222,3343.0,2025-11-13 01:00:00+00:00,2026-04-01 08:00:00+00:00,3181,0.011885814404592014
669663,Will the Fed increase interest rates by 25+ bps after the April 2026 meeting?,macro,macro_fed_rates,No,0,75978206.16104123,2025-11-13 00:40:39.240352+00:00,2026-04-29 00:00:00+00:00,2026-04-29 21:24:38+00:00,2025-11-13 00:40:39.240352+00:00,2026-04-29 21:24:38+00:00,4028.7329887911114,3343.0,2025-11-13 01:00:00+00:00,2026-04-01 08:00:00+00:00,3331,0.011885814404592014
542539,No change in Fed interest rates after September 2025 meeting?,macro,macro_fed_rates,No,0,67368762.49652,2025-05-07 23:11:08.758515+00:00,2025-09-17 12:00:00+00:00,2025-09-17 21:27:42+00:00,2025-05-07 23:11:08.758515+00:00,2025-09-17 21:27:42+00:00,3190.2759004125,3189.0,2025-05-08 00:00:00+00:00,2025-09-17 21:00:00+00:00,3189,0.007754936231977063
542540,Fed increases interest rates by 25+ bps after September 2025 meeting?,macro,macro_fed_rates,No,0,67002488.50419,2025-05-07 23:11:08.504828+00:00,2025-09-17 12:00:00+00:00,2025-09-17 21:26:38+00:00,2025-05-07 23:11:08.504828+00:00,2025-09-17 21:26:38+00:00,3190.2581931033333,3189.0,2025-05-08 00:00:00+00:00,2025-09-17 21:00:00+00:00,3189,0.007754936231977063
669660,Will the Fed decrease interest rates by 50+ bps after the April 2026 meeting?,macro,macro_fed_rates,No,0,66025383.9220003,2025-11-13 00:40:37.279833+00:00,2026-04-29 00:00:00+00:00,2026-04-29 21:24:08+00:00,2025-11-13 00:40:37.279833+00:00,2026-04-29 21:24:08+00:00,4028.7252000463886,3343.0,2025-11-13 01:00:00+00:00,2026-04-01 08:00:00+00:00,3321,0.011885814404592014
669661,Will the Fed decrease interest rates by 25 bps after the April 2026 meeting?,macro,macro_fed_rates,No,0,65311948.7161929,2025-11-13 00:40:36.764725+00:00,2026-04-29 00:00:00+00:00,2026-04-29 21:24:18+00:00,2025-11-13 00:40:36.764725+00:00,2026-04-29 21:24:18+00:00,4028.7281209097223,3343.0,2025-11-13 01:00:00+00:00,2026-04-01 08:00:00+00:00,3206,0.011885814404592014
572469,Will Trump nominate Kevin Warsh as the next Fed chair?,macro,macro_fed_rates,Yes,1,59907150.95188258,2025-08-05 17:28:15.516000+00:00,2026-12-31 00:00:00+00:00,2026-03-04 19:25:43+00:00,2025-08-05 17:28:15.516000+00:00,2026-12-31 00:00:00+00:00,12294.529023333333,5065.0,2025-08-05 18:00:00+00:00,2026-03-04 19:00:00+00:00,4992,0.011625048938097194
512325,Fed increases interest rates by 25+ bps after January 2025 meeting?,macro,macro_fed_rates,No,0,56978076.059909,2024-11-07 22:43:25.140000+00:00,2025-01-29 12:00:00+00:00,2025-01-29 22:53:00+00:00,2024-11-07 22:43:25.140000+00:00,2025-01-29 22:53:00+00:00,1992.1596833333335,1991.0,2024-11-07 23:00:00+00:00,2025-01-29 22:00:00+00:00,1992,0.009928344306808898
570361,Fed decreases interest rates by 25 bps after December 2025 meeting?,macro,macro_fed_rates,Yes,1,54634506.683355,2025-07-31 19:47:26.391724+00:00,2025-12-10 00:00:00+00:00,2025-12-10 22:16:48+00:00,2025-07-31 19:47:26.391724+00:00,2025-12-10 22:16:48+00:00,3170.4893356322223,3169.0,2025-07-31 21:00:00+00:00,2025-12-10 22:00:00+00:00,3165,0.012289662710926507
553810,Fed decreases interest rates by 50+ bps after October 2025 meeting?,macro,macro_fed_rates,No,0,52589989.131546,2025-06-19 16:48:26.661124+00:00,2025-10-29 12:00:00+00:00,2025-10-29 21:16:17+00:00,2025-06-19 16:48:26.661124+00:00,2025-10-29 21:16:17+00:00,3172.463983021111,3172.0,2025-06-19 17:00:00+00:00,2025-10-29 21:00:00+00:00,3172,0.012128780109796252
553811,Fed decreases interest rates by 25 bps after October 2025 meeting?,macro,macro_fed_rates,Yes,1,51626217.76071,2025-06-19 16:48:26.914844+00:00,2025-10-29 12:00:00+00:00,2025-10-29 21:15:21+00:00,2025-06-19 16:48:26.914844+00:00,2025-10-29 21:15:21+00:00,3172.4483569877775,3171.0,2025-06-19 18:00:00+00:00,2025-10-29 21:00:00+00:00,3171,0.012128780109796252
542537,Fed decreases interest rates by 50+ bps after September 2025 meeting?,macro,macro_fed_rates,No,0,49890284.071409,2025-05-07 23:11:04.946734+00:00,2025-09-17 12:00:00+00:00,2025-09-17 21:27:38+00:00,2025-05-07 23:11:04.946734+00:00,2025-09-17 21:27:38+00:00,3190.2758481294445,3189.0,2025-05-08 00:00:00+00:00,2025-09-17 21:00:00+00:00,3189,0.007754936231977063
512320,Fed decreases interest rates by 75+ bps after January 2025 meeting?,macro,macro_fed_rates,No,0,48840781.093981,2024-11-07 22:41:13.058000+00:00,2025-01-29 12:00:00+00:00,2025-01-29 22:53:06+00:00,2024-11-07 22:41:13.058000+00:00,2025-01-29 22:53:06+00:00,1992.1980394444445,1991.0,2024-11-07 23:00:00+00:00,2025-01-29 22:00:00+00:00,1992,0.009928344306808898
553812,No change in Fed interest rates after October 2025 meeting?,macro,macro_fed_rates,No,0,46052653.992844,2025-06-19 16:48:26.408008+00:00,2025-10-29 12:00:00+00:00,2025-10-29 21:19:07+00:00,2025-06-19 16:48:26.408008+00:00,2025-10-29 21:19:07+00:00,3172.5112755533332,3171.0,2025-06-19 18:00:00+00:00,2025-10-29 21:00:00+00:00,3171,0.012128780109796252
570362,No change in Fed interest rates after December 2025 meeting?,macro,macro_fed_rates,No,0,44523455.111481,2025-07-31 19:47:26.644562+00:00,2025-12-10 00:00:00+00:00,2025-12-10 22:17:52+00:00,2025-07-31 19:47:26.644562+00:00,2025-12-10 22:17:52+00:00,3170.507043177222,3169.0,2025-07-31 21:00:00+00:00,2025-12-10 22:00:00+00:00,3164,0.012289662710926507
528975,Fed increases interest rates by 25+ bps after July 2025 meeting?,macro,macro_fed_rates,No,0,43479262.352112,2025-03-19 19:56:37.741725+00:00,2025-07-30 12:00:00+00:00,2025-07-30 21:09:13+00:00,2025-03-19 19:56:37.741725+00:00,2025-07-30 21:09:13+00:00,3193.209793965278,3192.0,2025-03-19 21:00:00+00:00,2025-07-30 21:00:00+00:00,3192,0.008847315604987352
906974,Will there be no change in Fed interest rates after the June 2026 meeting?,macro,macro_fed_rates,Yes,1,43061416.20801809,2025-12-10 21:45:58.269771+00:00,2026-06-17 00:00:00+00:00,2026-06-17 21:07:28+00:00,2025-12-10 21:45:58.269771+00:00,2026-06-17 21:07:28+00:00,4535.358258396945,2673.0,2025-12-10 23:00:00+00:00,2026-04-01 08:00:00+00:00,2597,0.011804813459994824
512321,Fed decreases interest rates by 50 bps after January 2025 meeting?,macro,macro_fed_rates,No,0,42815445.766141,2024-11-07 22:41:35.142000+00:00,2025-01-29 12:00:00+00:00,2025-01-29 22:57:56+00:00,2024-11-07 22:41:35.142000+00:00,2025-01-29 23:00:00+00:00,1992.306905,1992.0,2024-11-07 23:00:00+00:00,2025-01-29 23:00:00+00:00,1993,0.009928344306808898
528972,Fed decreases interest rates by 50+ bps after July 2025 meeting?,macro,macro_fed_rates,No,0,40912544.015545,2025-03-19 19:51:53.541901+00:00,2025-07-30 12:00:00+00:00,2025-07-30 21:08:11+00:00,2025-03-19 19:51:53.541901+00:00,2025-07-30 21:08:11+00:00,3193.2715161386113,3192.0,2025-03-19 21:00:00+00:00,2025-07-30 21:00:00+00:00,3192,0.008847315604987352
572481,Will Trump nominate Scott Bessent as the next Fed chair?,macro,macro_fed_rates,No,0,38740980.44605291,2025-08-05 17:28:29.598000+00:00,2026-12-31 00:00:00+00:00,2026-03-04 20:13:15+00:00,2025-08-05 17:28:29.598000+00:00,2026-12-31 00:00:00+00:00,12294.525111666668,4991.0,2025-08-08 21:00:00+00:00,2026-03-04 20:00:00+00:00,4979,0.011625048938097194
906972,Will the Fed decrease interest rates by 50+ bps after the June 2026 meeting?,macro,macro_fed_rates,No,0,37866883.42341023,2025-12-10 21:45:56.196927+00:00,2026-06-17 00:00:00+00:00,2026-06-17 21:07:23+00:00,2025-12-10 21:45:56.196927+00:00,2026-06-17 21:07:23+00:00,4535.357445298056,2673.0,2025-12-10 23:00:00+00:00,2026-04-01 08:00:00+00:00,2608,0.011804813459994824
542538,Fed decreases interest rates by 25 bps after September 2025 meeting?,macro,macro_fed_rates,Yes,1,36329925.673244,2025-05-07 23:11:05.201249+00:00,2025-09-17 12:00:00+00:00,2025-09-17 21:08:44+00:00,2025-05-07 23:11:05.201249+00:00,2025-09-17 21:08:44+00:00,3189.9607774308333,3189.0,2025-05-08 00:00:00+00:00,2025-09-17 21:00:00+00:00,3189,0.007754936231977063
572470,Will Trump nominate Kevin Hassett as the next Fed chair?,macro,macro_fed_rates,No,0,36122905.93072796,2025-08-05 17:28:17.427441+00:00,2026-12-31 00:00:00+00:00,2026-03-04 19:57:05+00:00,2025-08-05 17:28:17.427441+00:00,2026-12-31 00:00:00+00:00,12294.5284923775,5065.0,2025-08-05 18:00:00+00:00,2026-03-04 19:00:00+00:00,5053,0.011625048938097194
572485,Will Trump nominate Rick Rieder as the next Fed chair?,macro,macro_fed_rates,No,0,35603624.85201814,2025-08-05 17:28:33.836000+00:00,2026-12-31 00:00:00+00:00,2026-03-04 20:10:11+00:00,2025-08-05 17:28:33.836000+00:00,2026-12-31 00:00:00+00:00,12294.523934444444,4877.0,2025-08-13 15:00:00+00:00,2026-03-04 20:00:00+00:00,4836,0.011625048938097194
516861,"Will Bitcoin reach $1,000,000 by December 31, 2025?",crypto,crypto_btc,No,0,31394607.518008,2024-12-30 22:00:50.534000+00:00,2025-12-31 12:00:00+00:00,2026-01-01 07:20:31+00:00,2024-12-30 22:00:50.534000+00:00,2026-01-01 07:20:31+00:00,8793.327907222221,8792.0,2024-12-30 23:00:00+00:00,2026-01-01 07:00:00+00:00,8788,0.010251423007382748
906975,Will the Fed increase interest rates by 25 bps after the June 2026 meeting?,macro,macro_fed_rates,No,0,31037182.120555956,2025-12-10 21:45:58.775194+00:00,2026-06-17 00:00:00+00:00,2026-06-17 21:20:40+00:00,2025-12-10 21:45:58.775194+00:00,2026-06-17 21:20:40+00:00,4535.578118001667,2673.0,2025-12-10 23:00:00+00:00,2026-04-01 08:00:00+00:00,2553,0.011804813459994824
906973,Will the Fed decrease interest rates by 25 bps after the June 2026 meeting?,macro,macro_fed_rates,No,0,30934915.761426214,2025-12-10 21:45:58.522699+00:00,2026-06-17 00:00:00+00:00,2026-06-17 21:15:16+00:00,2025-12-10 21:45:58.522699+00:00,2026-06-17 21:15:16+00:00,4535.488188139167,2673.0,2025-12-10 23:00:00+00:00,2026-04-01 08:00:00+00:00,2557,0.011804813459994824
521834,Fed decreases interest rates by 50+ bps after June 2025 meeting?,macro,macro_fed_rates,No,0,29564378.908894,2025-02-07 00:22:39.941927+00:00,2025-06-18 12:00:00+00:00,2025-06-18 21:09:10+00:00,2025-02-07 00:22:39.941927+00:00,2025-06-18 21:09:10+00:00,3164.775016131389,3164.0,2025-02-07 01:00:00+00:00,2025-06-18 21:00:00+00:00,3165,0.007460179970122736
572471,Will Trump nominate Christopher Waller as the next Fed chair?,macro,macro_fed_rates,No,0,29229521.621000286,2025-08-05 17:28:19.714000+00:00,2026-12-31 00:00:00+00:00,2026-03-04 19:56:09+00:00,2025-08-05 17:28:19.714000+00:00,2026-12-31 00:00:00+00:00,12294.527857222221,5065.0,2025-08-05 18:00:00+00:00,2026-03-04 19:00:00+00:00,5012,0.011625048938097194
528974,No change in Fed interest rates after July 2025 meeting?,macro,macro_fed_rates,Yes,1,28670116.640169,2025-03-19 19:56:17.660709+00:00,2025-07-30 12:00:00+00:00,2025-07-30 21:10:09+00:00,2025-03-19 19:56:17.660709+00:00,2025-07-30 21:10:09+00:00,3193.2309275808334,3192.0,2025-03-19 21:00:00+00:00,2025-07-30 21:00:00+00:00,3192,0.008847315604987352
521836,No change in Fed interest rates after June 2025 meeting?,macro,macro_fed_rates,Yes,1,28071372.791282,2025-02-07 00:23:40.024641+00:00,2025-06-18 12:00:00+00:00,2025-06-18 21:18:38+00:00,2025-02-07 00:23:40.024641+00:00,2025-06-18 21:18:38+00:00,3164.916104266389,3164.0,2025-02-07 01:00:00+00:00,2025-06-18 21:00:00+00:00,3164,0.007460179970122736
572478,Will Trump nominate Jerome Powell as the next Fed chair?,macro,macro_fed_rates,No,0,27875356.84542,2025-08-05 17:28:27.355000+00:00,2026-12-31 00:00:00+00:00,2026-03-04 20:12:11+00:00,2025-08-05 17:28:27.355000+00:00,2026-12-31 00:00:00+00:00,12294.525734722223,5066.0,2025-08-05 18:00:00+00:00,2026-03-04 20:00:00+00:00,5029,0.011625048938097194
521837,Fed increases interest rates by 25+ bps after June 2025 meeting?,macro,macro_fed_rates,No,0,26912558.981079,2025-02-07 00:23:50.120210+00:00,2025-06-18 12:00:00+00:00,2025-06-18 21:09:10+00:00,2025-02-07 00:23:50.120210+00:00,2025-06-18 21:09:10+00:00,3164.755522163889,3164.0,2025-02-07 01:00:00+00:00,2025-06-18 21:00:00+00:00,3165,0.007460179970122736
1082748,"Will Bitcoin reach $150,000 in January?",crypto,crypto_btc,No,0,26660909.268647,2026-01-01 19:23:03.370206+00:00,2026-02-01 05:00:00+00:00,2026-02-01 07:48:00+00:00,2026-01-01 19:23:03.370206+00:00,2026-02-01 07:48:00+00:00,732.4157304983333,731.0,2026-01-01 20:00:00+00:00,2026-02-01 07:00:00+00:00,726,0.01939487259138958
572486,Will Trump nominate Michelle Bowman as the next Fed chair?,macro,macro_fed_rates,No,0,26000156.80356803,2025-08-05 17:28:33.331000+00:00,2026-12-31 00:00:00+00:00,2026-03-04 20:13:19+00:00,2025-08-05 17:28:33.331000+00:00,2026-12-31 00:00:00+00:00,12294.524074722221,4877.0,2025-08-13 15:00:00+00:00,2026-03-04 20:00:00+00:00,4866,0.011625048938097194
572506,Will Trump nominate no one before 2027?,macro,macro_fed_rates,No,0,24724502.6212151,2025-08-05 17:28:55.577000+00:00,2026-12-31 00:00:00+00:00,2026-03-04 19:58:01+00:00,2025-08-05 17:28:55.577000+00:00,2026-12-31 00:00:00+00:00,12294.517895277779,5065.0,2025-08-05 18:00:00+00:00,2026-03-04 19:00:00+00:00,5037,0.011625048938097194
572472,Will Trump nominate Bill Pulte as the next Fed chair?,macro,macro_fed_rates,No,0,24537484.808130994,2025-08-05 17:28:19.462000+00:00,2026-12-31 00:00:00+00:00,2026-03-04 20:09:07+00:00,2025-08-05 17:28:19.462000+00:00,2026-12-31 00:00:00+00:00,12294.527927222223,5066.0,2025-08-05 18:00:00+00:00,2026-03-04 20:00:00+00:00,5056,0.011625048938097194
1473040,"Will Bitcoin reach $150,000 in March?",crypto,crypto_btc,No,0,24149352.753224906,2026-03-01 05:18:31.379988+00:00,2026-04-01 04:00:00+00:00,2026-04-01 07:36:59+00:00,2026-03-01 05:18:31.379988+00:00,2026-04-01 07:36:59+00:00,746.3076722255556,744.0,2026-03-01 07:00:00+00:00,2026-04-01 07:00:00+00:00,654,0.018209069115374444
519784,Fed increases interest rates by 25+ bps after May 2025 meeting?,macro,macro_fed_rates,No,0,24000661.535559,2025-01-23 19:42:34.136277+00:00,2025-05-07 12:00:00+00:00,2025-05-07 22:33:14+00:00,2025-01-23 19:42:34.136277+00:00,2025-05-07 22:33:14+00:00,2498.8444065897224,2498.0,2025-01-23 20:00:00+00:00,2025-05-07 22:00:00+00:00,2499,0.007645022259583874
572494,Will Trump nominate himself as the next Fed chair?,macro,macro_fed_rates,No,0,23577646.036,2025-08-05 17:28:41.890000+00:00,2026-12-31 00:00:00+00:00,2026-03-04 19:52:15+00:00,2025-08-05 17:28:41.890000+00:00,2026-12-31 00:00:00+00:00,12294.521697222222,2394.0,2025-11-25 01:00:00+00:00,2026-03-04 19:00:00+00:00,2365,0.011625048938097194
528973,Fed decreases interest rates by 25 bps after July 2025 meeting?,macro,macro_fed_rates,No,0,23551704.395621,2025-03-19 19:55:53.819663+00:00,2025-07-30 12:00:00+00:00,2025-07-30 21:07:17+00:00,2025-03-19 19:55:53.819663+00:00,2025-07-30 21:07:17+00:00,3193.1897723158336,3192.0,2025-03-19 21:00:00+00:00,2025-07-30 21:00:00+00:00,3192,0.008847315604987352
504071,No change in Fed interest rates after 2024 September meeting?,macro,macro_fed_rates,No,0,23499210.730061,2024-08-02 20:44:13.006000+00:00,2024-09-18 12:00:00+00:00,2024-09-18 21:14:22+00:00,2024-08-02 20:44:13.006000+00:00,2024-09-18 21:14:22+00:00,1128.5024983333333,1036.0,2024-08-06 17:00:00+00:00,2024-09-18 21:00:00+00:00,1037,0.0005475789293186995
512250,Will Trump create Bitcoin reserve in first 100 days?,crypto,crypto_policy,No,0,23324353.367396,2024-11-06 23:18:43.892000+00:00,2025-04-29 12:00:00+00:00,2025-04-30 06:00:51+00:00,2024-11-06 23:18:43.892000+00:00,2025-04-30 06:00:51+00:00,4182.701974444444,4182.0,2024-11-07 00:00:00+00:00,2025-04-30 06:00:00+00:00,4183,0.005935671010825165
572480,Will Trump nominate Stephen Miran as the next Fed chair?,macro,macro_fed_rates,No,0,22847634.77107189,2025-08-05 17:28:29.345000+00:00,2026-12-31 00:00:00+00:00,2026-03-04 20:12:17+00:00,2025-08-05 17:28:29.345000+00:00,2026-12-31 00:00:00+00:00,12294.525181944446,4991.0,2025-08-08 21:00:00+00:00,2026-03-04 20:00:00+00:00,4974,0.011625048938097194
255229,Will Bitcoin hit $100k in 2024?,crypto,crypto_btc,Yes,1,22807235.891544,2024-03-04 16:05:38.561000+00:00,2024-12-30 12:00:00+00:00,2024-12-05 04:46:26+00:00,2024-03-04 16:05:38.561000+00:00,2024-12-30 12:00:00+00:00,7219.905955277777,2891.0,2024-08-06 17:00:00+00:00,2024-12-05 04:00:00+00:00,2891,0.005635703582454763
521835,Fed decreases interest rates by 25 bps after June 2025 meeting?,macro,macro_fed_rates,No,0,22347675.300958,2025-02-07 00:23:03.971666+00:00,2025-06-18 12:00:00+00:00,2025-06-18 21:18:42+00:00,2025-02-07 00:23:03.971666+00:00,2025-06-18 21:18:42+00:00,3164.9272300927773,3164.0,2025-02-07 01:00:00+00:00,2025-06-18 21:00:00+00:00,3165,0.007460179970122736
516008,Fed decreases interest rates by 50+ bps after March 2025 meeting?,macro,macro_fed_rates,No,0,22150914.603213,2024-12-18 20:49:45.708000+00:00,2025-03-19 12:00:00+00:00,2025-03-19 21:31:55+00:00,2024-12-18 20:49:45.708000+00:00,2025-03-19 21:31:55+00:00,2184.702581111111,2184.0,2024-12-18 21:00:00+00:00,2025-03-19 21:00:00+00:00,2185,0.006468349503036921
519776,Fed decreases interest rates by 50+ bps after May 2025 meeting?,macro,macro_fed_rates,No,0,22089574.500042,2025-01-23 19:21:38.989712+00:00,2025-05-07 12:00:00+00:00,2025-05-07 22:33:12+00:00,2025-01-23 19:21:38.989712+00:00,2025-05-07 22:33:12+00:00,2499.192502857778,2498.0,2025-01-23 20:00:00+00:00,2025-05-07 22:00:00+00:00,2499,0.007645022259583874
906976,Will the Fed increase interest rates by 50+ bps after the June 2026 meeting?,macro,macro_fed_rates,No,0,21740489.034398694,2025-12-10 21:45:59.028092+00:00,2026-06-17 00:00:00+00:00,2026-06-17 21:20:46+00:00,2025-12-10 21:45:59.028092+00:00,2026-06-17 21:20:46+00:00,4535.579714418889,2673.0,2025-12-10 23:00:00+00:00,2026-04-01 08:00:00+00:00,2610,0.011804813459994824
519777,Fed decreases interest rates by 25 bps after May 2025 meeting?,macro,macro_fed_rates,No,0,21653201.774564,2025-01-23 19:41:29.349605+00:00,2025-05-07 12:00:00+00:00,2025-05-07 22:33:14+00:00,2025-01-23 19:41:29.349605+00:00,2025-05-07 22:33:14+00:00,2498.8624028875,2498.0,2025-01-23 20:00:00+00:00,2025-05-07 22:00:00+00:00,2499,0.007645022259583874
516011,Fed increases interest rates by 25+ bps after March 2025 meeting?,macro,macro_fed_rates,No,0,21544318.532625,2024-12-18 20:51:00.449000+00:00,2025-03-19 12:00:00+00:00,2025-03-19 21:31:45+00:00,2024-12-18 20:51:00.449000+00:00,2025-03-19 21:31:45+00:00,2184.6790419444446,2184.0,2024-12-18 21:00:00+00:00,2025-03-19 21:00:00+00:00,2185,0.006468349503036921
572489,Will Trump nominate Janet Yellen as the next Fed chair?,macro,macro_fed_rates,No,0,21325692.069942,2025-08-05 17:28:37.698000+00:00,2026-12-31 00:00:00+00:00,2026-03-04 20:11:09+00:00,2025-08-05 17:28:37.698000+00:00,2026-12-31 00:00:00+00:00,12294.522861666666,4873.0,2025-08-13 19:00:00+00:00,2026-03-04 20:00:00+00:00,4791,0.011625048938097194
512323,Fed decreases interest rates by 25 bps after January 2025 meeting?,macro,macro_fed_rates,No,0,21247359.999879,2024-11-07 22:42:06.902000+00:00,2025-01-29 12:00:00+00:00,2025-01-29 23:03:10+00:00,2024-11-07 22:42:06.902000+00:00,2025-01-29 23:03:10+00:00,1992.3508605555555,1992.0,2024-11-07 23:00:00+00:00,2025-01-29 23:00:00+00:00,1993,0.009958054459182665
572476,Will Trump nominate Arthur Laffer as the next Fed chair?,macro,macro_fed_rates,No,0,21154894.068664,2025-08-05 17:28:25.487000+00:00,2026-12-31 00:00:00+00:00,2026-03-04 20:12:11+00:00,2025-08-05 17:28:25.487000+00:00,2026-12-31 00:00:00+00:00,12294.52625361111,5066.0,2025-08-05 18:00:00+00:00,2026-03-04 20:00:00+00:00,5055,0.011625048938097194
512324,No change in Fed interest rates after January 2025 meeting?,macro,macro_fed_rates,Yes,1,21033386.279391,2024-11-07 22:43:10.110000+00:00,2025-01-29 12:00:00+00:00,2025-01-29 23:03:08+00:00,2024-11-07 22:43:10.110000+00:00,2025-01-29 23:03:08+00:00,1992.3327472222222,1992.0,2024-11-07 23:00:00+00:00,2025-01-29 23:00:00+00:00,1993,0.009958054459182665
572492,Will Trump nominate Barron Trump as the next Fed chair?,macro,macro_fed_rates,No,0,20907360.96291,2025-08-05 17:28:39.575000+00:00,2026-12-31 00:00:00+00:00,2026-03-04 20:13:17+00:00,2025-08-05 17:28:39.575000+00:00,2026-12-31 00:00:00+00:00,12294.522340277777,2545.0,2025-11-18 19:00:00+00:00,2026-03-04 20:00:00+00:00,2539,0.011625048938097194
519778,No change in Fed interest rates after May 2025 meeting?,macro,macro_fed_rates,Yes,1,20629387.641397,2025-01-23 19:42:02.702582+00:00,2025-05-07 12:00:00+00:00,2025-05-07 21:17:32+00:00,2025-01-23 19:42:02.702582+00:00,2025-05-07 21:17:32+00:00,2497.591471505,2497.0,2025-01-23 20:00:00+00:00,2025-05-07 21:00:00+00:00,2498,0.007613401660108408
255335,Fed rate cut by September 18?,macro,macro_fed_rates,Yes,1,20345317.826273,2024-03-08 18:55:46.214000+00:00,2024-09-18 00:00:00+00:00,2024-09-18 20:17:10+00:00,2024-03-08 18:55:46.214000+00:00,2024-09-18 20:17:10+00:00,4657.356607222222,1035.0,2024-08-06 17:00:00+00:00,2024-09-18 20:00:00+00:00,1036,0.0005082529039627885
254580,Will Fed cut interest rates 6+ times in 2024?,macro,macro_fed_rates,No,0,20169086.258574,2024-03-21 16:43:55.353000+00:00,2024-12-30 12:00:00+00:00,2024-12-18 22:09:14+00:00,2024-03-21 16:43:55.353000+00:00,2024-12-30 12:00:00+00:00,6811.2679575,3221.0,2024-08-06 17:00:00+00:00,2024-12-18 22:00:00+00:00,3221,0.005635703582454763
516863,"Will Bitcoin reach $200,000 by December 31, 2025?",crypto,crypto_btc,No,0,19275707.736605,2024-12-30 22:01:26.810000+00:00,2025-12-31 12:00:00+00:00,2026-01-01 07:16:21+00:00,2024-12-30 22:01:26.810000+00:00,2026-01-01 07:16:21+00:00,8793.248386111112,8792.0,2024-12-30 23:00:00+00:00,2026-01-01 07:00:00+00:00,8787,0.010251423007382748
507418,Will the FED change rates to another level after Nov meeting?,macro,macro_fed_rates,No,0,19150629.538967,2024-09-18 18:10:52.647425+00:00,2024-11-07 12:00:00+00:00,2024-11-07 22:54:40+00:00,2024-09-18 18:10:52.647425+00:00,2024-11-07 22:54:40+00:00,1204.7298201597223,1203.0,2024-09-18 19:00:00+00:00,2024-11-07 22:00:00+00:00,1204,0.00544559811442151
516878,"Will Ethereum hit $5,000 by December 31?",crypto,crypto_eth,No,0,18467737.400303,2024-12-30 22:07:47.006000+00:00,2025-12-31 12:00:00+00:00,2026-01-01 07:18:23+00:00,2024-12-30 22:07:47.006000+00:00,2026-01-01 07:18:23+00:00,8793.176664999999,8792.0,2024-12-30 23:00:00+00:00,2026-01-01 07:00:00+00:00,8786,0.010251423007382748
516926,MicroStrategy sells any Bitcoin in 2025?,crypto,crypto_microstrategy,No,0,17976157.529867,2024-12-31 18:51:34.648000+00:00,2025-12-31 12:00:00+00:00,2026-01-05 04:22:25+00:00,2024-12-31 18:51:34.648000+00:00,2026-01-05 04:22:25+00:00,8865.513986666667,8865.0,2024-12-31 19:00:00+00:00,2026-01-05 04:00:00+00:00,8860,0.00880380614325092
572484,Will Trump nominate David Zervos as the next Fed chair?,macro,macro_fed_rates,No,0,17922566.56491,2025-08-05 17:28:33.583000+00:00,2026-12-31 00:00:00+00:00,2026-03-04 20:10:09+00:00,2025-08-05 17:28:33.583000+00:00,2026-12-31 00:00:00+00:00,12294.524004722223,4877.0,2025-08-13 15:00:00+00:00,2026-03-04 20:00:00+00:00,4828,0.011625048938097194
504072,Fed increases interest rates by 25+ bps after September 2024 meeting?,macro,macro_fed_rates,No,0,17625581.465252,2024-08-02 20:44:18.626000+00:00,2024-09-18 12:00:00+00:00,2024-09-18 21:25:00+00:00,2024-08-02 20:44:18.626000+00:00,2024-09-18 21:25:00+00:00,1128.6781594444444,1036.0,2024-08-06 17:00:00+00:00,2024-09-18 21:00:00+00:00,1037,0.0005475789293186995
516009,Fed decreases interest rates by 25 bps after March 2025 meeting?,macro,macro_fed_rates,No,0,17180913.164155,2024-12-18 20:50:16.478000+00:00,2025-03-19 12:00:00+00:00,2025-03-19 21:36:45+00:00,2024-12-18 20:50:16.478000+00:00,2025-03-19 21:36:45+00:00,2184.7745894444442,2184.0,2024-12-18 21:00:00+00:00,2025-03-19 21:00:00+00:00,2185,0.006468349503036921
516010,No change in Fed interest rates after March 2025 meeting?,macro,macro_fed_rates,Yes,1,17161804.938166,2024-12-18 20:50:36.716000+00:00,2025-03-19 12:00:00+00:00,2025-03-19 21:31:51+00:00,2024-12-18 20:50:36.716000+00:00,2025-03-19 21:31:51+00:00,2184.687301111111,2184.0,2024-12-18 21:00:00+00:00,2025-03-19 21:00:00+00:00,2185,0.006468349503036921
516864,"Will Bitcoin reach $150,000 by December 31, 2025?",crypto,crypto_btc,No,0,16414060.383217,2024-12-30 22:01:36.925000+00:00,2025-12-31 12:00:00+00:00,2026-01-01 07:20:27+00:00,2024-12-30 22:01:36.925000+00:00,2026-01-01 07:20:27+00:00,8793.313909722223,8792.0,2024-12-30 23:00:00+00:00,2026-01-01 07:00:00+00:00,8787,0.010251423007382748
516862,"Will Bitcoin reach $250,000 by December 31, 2025?",crypto,crypto_btc,No,0,15857522.578687,2024-12-30 22:01:06.714000+00:00,2025-12-31 12:00:00+00:00,2026-01-01 07:20:29+00:00,2024-12-30 22:01:06.714000+00:00,2026-01-01 07:20:29+00:00,8793.322857222222,8792.0,2024-12-30 23:00:00+00:00,2026-01-01 07:00:00+00:00,8787,0.010251423007382748
618949,Will Bitcoin reach $200k in October?,crypto,crypto_btc,No,0,15617197.1584,2025-10-01 08:11:39.277700+00:00,2025-11-01 04:00:00+00:00,2025-11-01 06:06:20+00:00,2025-10-01 08:11:39.277700+00:00,2025-11-01 06:06:20+00:00,741.91131175,741.0,2025-10-01 09:00:00+00:00,2025-11-01 06:00:00+00:00,742,0.020138065568857284
504490,Fed decreases interest rates by 75+ bps after November 2024 meeting?,macro,macro_fed_rates,No,0,15031954.754479,2024-08-02 19:28:58.198711+00:00,2024-11-07 12:00:00+00:00,2024-11-07 22:49:58+00:00,2024-08-02 19:28:58.198711+00:00,2024-11-07 22:49:58+00:00,2331.3499448025,2237.0,2024-08-06 17:00:00+00:00,2024-11-07 22:00:00+00:00,2238,0.004619782577698402
659233,"Will Bitcoin reach $200,000 in November?",crypto,crypto_btc,No,0,13588620.834388,2025-11-01 01:11:26.067959+00:00,2025-12-01 05:00:00+00:00,2025-12-01 07:22:48+00:00,2025-11-01 01:11:26.067959+00:00,2025-12-01 07:22:48+00:00,726.1894255669445,725.0,2025-11-01 02:00:00+00:00,2025-12-01 07:00:00+00:00,726,0.01529334110259836
504584,Fed decreases interest rates by 75+ bps after December 2024 meeting?,macro,macro_fed_rates,No,0,13304399.0156328,2024-08-06 16:06:01.725999+00:00,2024-12-18 12:00:00+00:00,2024-12-18 22:24:42+00:00,2024-08-06 16:06:01.725999+00:00,2024-12-18 22:24:42+00:00,3222.3111872225,3221.0,2024-08-06 17:00:00+00:00,2024-12-18 22:00:00+00:00,3221,0.005626473039054015
1082749,"Will Ethereum reach $6,000 in January?",crypto,crypto_eth,No,0,13219840.034141,2026-01-01 19:38:40.630368+00:00,2026-02-01 05:00:00+00:00,2026-02-01 07:46:58+00:00,2026-01-01 19:38:40.630368+00:00,2026-02-01 07:46:58+00:00,732.1381582311111,731.0,2026-01-01 20:00:00+00:00,2026-02-01 07:00:00+00:00,727,0.019394872591389584
516865,"Will Bitcoin reach $130,000 by December 31, 2025?",crypto,crypto_btc,No,0,13211425.234841,2024-12-30 22:02:05.386000+00:00,2025-12-31 12:00:00+00:00,2026-01-01 07:19:25+00:00,2024-12-30 22:02:05.386000+00:00,2026-01-01 07:19:25+00:00,8793.288781666666,8792.0,2024-12-30 23:00:00+00:00,2026-01-01 07:00:00+00:00,8787,0.010251423007382748
1082781,"Will Bitcoin reach $100,000 in January?",crypto,crypto_btc,No,0,13025594.701676,2026-01-01 19:22:59.250659+00:00,2026-02-01 05:00:00+00:00,2026-02-01 07:50:52+00:00,2026-01-01 19:22:59.250659+00:00,2026-02-01 07:50:52+00:00,732.4646525947222,731.0,2026-01-01 20:00:00+00:00,2026-02-01 07:00:00+00:00,729,0.019394872591389584
572479,Will Trump nominate Ron Paul as the next Fed chair?,macro,macro_fed_rates,No,0,12652617.884833,2025-08-05 17:28:29.851000+00:00,2026-12-31 00:00:00+00:00,2026-03-04 20:12:17+00:00,2025-08-05 17:28:29.851000+00:00,2026-12-31 00:00:00+00:00,12294.525041388888,5066.0,2025-08-05 18:00:00+00:00,2026-03-04 20:00:00+00:00,5055,0.011625048938097194
520930,Jerome Powell out as Fed Chair in 2025?,macro,macro_fed_rates,No,0,11760101.336012,2025-01-29 23:13:22.244000+00:00,2025-12-31 12:00:00+00:00,2026-01-01 08:35:53+00:00,2025-01-29 23:13:22.244000+00:00,2026-01-01 08:35:53+00:00,8073.37521,8072.0,2025-01-30 00:00:00+00:00,2026-01-01 08:00:00+00:00,8069,0.010518682268076387
507419,Will the FED change rates to another level after December meeting?,macro,macro_fed_rates,No,0,11155452.805379,2024-09-18 18:22:55.051895+00:00,2024-12-18 12:00:00+00:00,2024-12-18 22:29:58+00:00,2024-09-18 18:22:55.051895+00:00,2024-12-18 22:29:58+00:00,2188.117485584722,2187.0,2024-09-18 19:00:00+00:00,2024-12-18 22:00:00+00:00,2187,0.006634191899807416
504069,Fed decreases interest rates by 50+ bps after September 2024 meeting?,macro,macro_fed_rates,Yes,1,10906333.42219,2024-08-02 20:43:54.565000+00:00,2024-09-18 12:00:00+00:00,2024-09-18 21:09:08+00:00,2024-08-02 20:43:54.565000+00:00,2024-09-18 21:09:08+00:00,1128.420398611111,1036.0,2024-08-06 17:00:00+00:00,2024-09-18 21:00:00+00:00,1037,0.0005475789293186995
572488,Will Trump nominate Philip Jefferson as the next Fed chair?,macro,macro_fed_rates,No,0,10813098.951725,2025-08-05 17:28:35.397000+00:00,2026-12-31 00:00:00+00:00,2026-03-04 20:12:21+00:00,2025-08-05 17:28:35.397000+00:00,2026-12-31 00:00:00+00:00,12294.523500833333,4877.0,2025-08-13 15:00:00+00:00,2026-03-04 20:00:00+00:00,4867,0.011625048938097194
572477,Will Trump nominate Larry Kudlow as the next Fed chair?,macro,macro_fed_rates,No,0,10383485.453766,2025-08-05 17:28:25.740734+00:00,2026-12-31 00:00:00+00:00,2026-03-04 20:12:15+00:00,2025-08-05 17:28:25.740734+00:00,2026-12-31 00:00:00+00:00,12294.526183129443,5066.0,2025-08-05 18:00:00+00:00,2026-03-04 20:00:00+00:00,5055,0.011625048938097194
504588,Fed increases interest rates by 25+ bps after December 2024 meeting?,macro,macro_fed_rates,No,0,10228496.464075,2024-08-06 16:10:13.881646+00:00,2024-12-18 12:00:00+00:00,2024-12-18 22:34:46+00:00,2024-08-06 16:10:13.881646+00:00,2024-12-18 22:34:46+00:00,3222.408921765,3221.0,2024-08-06 17:00:00+00:00,2024-12-18 22:00:00+00:00,3221,0.005626473039054015
516877,"Will Ethereum hit $6,000 by December 31?",crypto,crypto_eth,No,0,9995564.195892,2024-12-30 22:07:00.605000+00:00,2025-12-31 12:00:00+00:00,2026-01-01 07:18:21+00:00,2024-12-30 22:07:00.605000+00:00,2026-01-01 07:18:21+00:00,8793.188998611111,8792.0,2024-12-30 23:00:00+00:00,2026-01-01 07:00:00+00:00,8787,0.010251423007382748
516874,"Will Ethereum hit $10,000 by December 31?",crypto,crypto_eth,No,0,9488801.522718,2024-12-30 22:05:41.665000+00:00,2025-12-31 12:00:00+00:00,2026-01-01 07:18:23+00:00,2024-12-30 22:05:41.665000+00:00,2026-01-01 07:18:23+00:00,8793.211481944445,8792.0,2024-12-30 23:00:00+00:00,2026-01-01 07:00:00+00:00,8787,0.010251423007382748
687200,"Will Bitcoin reach $100,000 by December 31, 2025?",crypto,crypto_btc,No,0,9479018.595278,2025-11-17 16:12:33.254000+00:00,2026-01-01 05:00:00+00:00,2026-01-01 07:59:43+00:00,2025-11-17 16:12:33.254000+00:00,2026-01-01 07:59:43+00:00,1071.7860405555555,1070.0,2025-11-17 17:00:00+00:00,2026-01-01 07:00:00+00:00,1071,0.003903223913543123
255322,Will Bitcoin hit $250k in 2024?,crypto,crypto_btc,No,0,9422713.94942905,2024-03-06 21:27:27.777000+00:00,2024-12-30 12:00:00+00:00,2025-01-01 07:37:40+00:00,2024-03-06 21:27:27.777000+00:00,2025-01-01 07:37:40+00:00,7210.170061944445,3542.0,2024-08-06 17:00:00+00:00,2025-01-01 07:00:00+00:00,3542,0.0051670547082017775
504585,Fed decreases interest rates by 50 bps after December 2024 meeting?,macro,macro_fed_rates,No,0,9192309.53167407,2024-08-06 16:08:18.509642+00:00,2024-12-18 12:00:00+00:00,2024-12-18 22:24:36+00:00,2024-08-06 16:08:18.509642+00:00,2024-12-18 22:24:36+00:00,3222.2715250994447,3221.0,2024-08-06 17:00:00+00:00,2024-12-18 22:00:00+00:00,3221,0.005626473039054015
540408,Will Bitcoin dip to $90k in May?,crypto,crypto_btc,No,0,8925263.984326,2025-04-30 20:19:57.726744+00:00,2025-05-31 12:00:00+00:00,2025-06-01 07:25:55+00:00,2025-04-30 20:19:57.726744+00:00,2025-06-01 07:25:55+00:00,755.0992425711112,754.0,2025-04-30 21:00:00+00:00,2025-06-01 07:00:00+00:00,755,0.011596203805517156
574072,"Will Bitcoin reach $140,000 by December 31, 2025?",crypto,crypto_btc,No,0,8804123.733621,2025-08-08 10:26:18.459000+00:00,,2026-01-01 07:17:25+00:00,2025-08-08 10:26:18.459000+00:00,2026-01-01 07:17:25+00:00,3500.851816944444,3500.0,2025-08-08 11:00:00+00:00,2026-01-01 07:00:00+00:00,3495,0.012040332523506144
1473066,"Will Bitcoin reach $80,000 in March?",crypto,crypto_btc,No,0,8681375.204627028,2026-03-01 05:18:14.303489+00:00,2026-04-01 04:00:00+00:00,2026-04-01 08:04:07+00:00,2026-03-01 05:18:14.303489+00:00,2026-04-01 08:04:07+00:00,746.7646379197222,746.0,2026-03-01 06:00:00+00:00,2026-04-01 08:00:00+00:00,747,0.018209069115374444
516871,"Will Bitcoin dip to $70,000 by December 31, 2025?",crypto,crypto_btc,No,0,8605610.758506,2024-12-30 22:04:31.262000+00:00,2025-12-31 12:00:00+00:00,2026-01-01 07:17:23+00:00,2024-12-30 22:04:31.262000+00:00,2026-01-01 07:17:23+00:00,8793.214371666667,8792.0,2024-12-30 23:00:00+00:00,2026-01-01 07:00:00+00:00,8788,0.010251423007382748
692258,"MicroStrategy sells any Bitcoin by June 30, 2026?",crypto,crypto_microstrategy,Yes,1,8418661.007786024,2025-11-19 22:51:30.483000+00:00,2026-07-01 04:00:00+00:00,2026-06-01 14:07:11+00:00,2025-11-19 22:51:30.483000+00:00,2026-07-01 04:00:00+00:00,5357.1415325,3176.0,2025-11-20 00:00:00+00:00,2026-04-01 08:00:00+00:00,3009,0.015634131163061813
504491,Fed decreases interest rates by 50 bps after November 2024 meeting?,macro,macro_fed_rates,No,0,8393267.791414,2024-08-02 21:55:07.276000+00:00,2024-11-07 12:00:00+00:00,2024-11-07 22:54:46+00:00,2024-08-02 21:55:07.276000+00:00,2024-11-07 22:54:46+00:00,2328.99409,2237.0,2024-08-06 17:00:00+00:00,2024-11-07 22:00:00+00:00,2238,0.004619782577698402
254577,Will Fed cut interest rates 3 times in 2024?,macro,macro_fed_rates,No,0,8337156.91915808,2024-03-21 16:44:19.282000+00:00,2024-12-30 12:00:00+00:00,2024-12-18 22:30:02+00:00,2024-03-21 16:44:19.282000+00:00,2024-12-30 12:00:00+00:00,6811.261310555555,3221.0,2024-08-06 17:00:00+00:00,2024-12-18 22:00:00+00:00,3221,0.005635703582454764
666217,"Will Bitcoin reach $120,000 by December 31, 2025?",crypto,crypto_btc,No,0,8257060.300168,2025-11-05 14:54:36.151000+00:00,2026-01-01 05:00:00+00:00,2026-01-01 08:00:41+00:00,2025-11-05 14:54:36.151000+00:00,2026-01-01 08:00:41+00:00,1361.1013469444445,1360.0,2025-11-05 16:00:00+00:00,2026-01-01 08:00:00+00:00,1361,0.00616362904944914
620015,"Will Bitcoin dip to $80,000 by December 31, 2025?",crypto,crypto_btc,No,0,8066294.940938,2025-10-02 16:34:22.656000+00:00,2026-01-01 05:00:00+00:00,2026-01-01 07:59:45+00:00,2025-10-02 16:34:22.656000+00:00,2026-01-01 07:59:45+00:00,2175.4228733333334,2174.0,2025-10-02 17:00:00+00:00,2026-01-01 07:00:00+00:00,2171,0.01165695144254652
504493,No change in Fed interest rates after 2024 November meeting?,macro,macro_fed_rates,No,0,7995206.758932,2024-08-02 19:35:38.051127+00:00,2024-11-07 12:00:00+00:00,2024-11-07 22:49:52+00:00,2024-08-02 19:35:38.051127+00:00,2024-11-07 22:49:52+00:00,2331.2372080202776,2237.0,2024-08-06 17:00:00+00:00,2024-11-07 22:00:00+00:00,2238,0.004619782577698402
574073,"Will Bitcoin reach $170,000 by December 31, 2025?",crypto,crypto_btc,No,0,7721957.288049,2025-08-08 10:27:40.927000+00:00,,2026-01-01 07:20:29+00:00,2025-08-08 10:27:40.927000+00:00,2026-01-01 07:20:29+00:00,3500.880020277778,3500.0,2025-08-08 11:00:00+00:00,2026-01-01 07:00:00+00:00,3496,0.012040332523506144
510854,MSFT shareholders vote for Bitcoin investment? ,crypto,crypto_regulation,No,0,7603059.085456,2024-10-24 21:55:39.163000+00:00,2024-12-10 12:00:00+00:00,2024-12-11 23:24:09+00:00,2024-10-24 21:55:39.163000+00:00,2024-12-11 23:24:09+00:00,1153.4749547222223,1153.0,2024-10-24 22:00:00+00:00,2024-12-11 23:00:00+00:00,1153,0.0040451815943802665
581247,Lisa Cook out as Fed Governor by September 30?,macro,macro_fed_rates,No,0,7598984.9543,2025-08-26 00:48:21.398000+00:00,2025-09-30 00:00:00+00:00,2025-10-01 06:26:45+00:00,2025-08-26 00:48:21.398000+00:00,2025-10-01 06:26:45+00:00,869.6398894444444,869.0,2025-08-26 01:00:00+00:00,2025-10-01 06:00:00+00:00,870,0.005688073061702825
516876,"Will Ethereum hit $7,000 by December 31?",crypto,crypto_eth,No,0,7570762.533718,2024-12-30 22:06:41.721000+00:00,2025-12-31 12:00:00+00:00,2026-01-01 07:15:19+00:00,2024-12-30 22:06:41.721000+00:00,2026-01-01 07:15:19+00:00,8793.143688611111,8792.0,2024-12-30 23:00:00+00:00,2026-01-01 07:00:00+00:00,8787,0.010251423007382748
557770,Will Ethereum reach $4000 in July?,crypto,crypto_eth,No,0,7517688.702565,2025-06-30 16:53:11.956000+00:00,2025-08-01 04:00:00+00:00,2025-08-01 06:12:24+00:00,2025-06-30 16:53:11.956000+00:00,2025-08-01 06:12:24+00:00,757.3200122222223,757.0,2025-06-30 17:00:00+00:00,2025-08-01 06:00:00+00:00,758,0.010943905493612103
504586,Fed decreases interest rates by 25 bps after December 2024 meeting?,macro,macro_fed_rates,Yes,1,7490697.06615098,2024-08-06 16:08:38.675523+00:00,2024-12-18 12:00:00+00:00,2024-12-18 22:29:48+00:00,2024-08-06 16:08:38.675523+00:00,2024-12-18 22:29:48+00:00,3222.3525901325,3221.0,2024-08-06 17:00:00+00:00,2024-12-18 22:00:00+00:00,3221,0.005626473039054015
504587,No change in Fed interest rates after December 2024 meeting?,macro,macro_fed_rates,No,0,7400313.75189,2024-08-06 16:09:17.291199+00:00,2024-12-18 12:00:00+00:00,2024-12-18 22:34:40+00:00,2024-08-06 16:09:17.291199+00:00,2024-12-18 22:34:40+00:00,3222.4229746669444,3221.0,2024-08-06 17:00:00+00:00,2024-12-18 22:00:00+00:00,3221,0.005626473039054015
1473074,"Will Bitcoin dip to $60,000 in March?",crypto,crypto_btc,No,0,7334705.631073961,2026-03-01 05:19:01.031702+00:00,2026-04-01 04:00:00+00:00,2026-04-01 07:57:23+00:00,2026-03-01 05:19:01.031702+00:00,2026-04-01 07:57:23+00:00,746.6394356383333,744.0,2026-03-01 07:00:00+00:00,2026-04-01 07:00:00+00:00,718,0.018209069115374444
1082757,"Will Bitcoin reach $125,000 in January?",crypto,crypto_btc,No,0,7080988.613707,2026-01-01 19:23:09.354069+00:00,2026-02-01 05:00:00+00:00,2026-02-01 07:45:58+00:00,2026-01-01 19:23:09.354069+00:00,2026-02-01 07:45:58+00:00,732.3801794252778,731.0,2026-01-01 20:00:00+00:00,2026-02-01 07:00:00+00:00,730,0.019394872591389584
502128,Will Ethereum hit $10k in 2024?,crypto,crypto_eth,No,0,7059606.46183396,2024-06-13 20:55:02.519000+00:00,2024-12-31 12:00:00+00:00,2025-01-01 07:32:50+00:00,2024-06-13 20:55:02.519000+00:00,2025-01-01 07:32:50+00:00,4834.629855833333,3542.0,2024-08-06 17:00:00+00:00,2025-01-01 07:00:00+00:00,3542,0.0051670547082017775
515506,"Will Bitcoin reach $110,000 by March 31?",crypto,crypto_btc,No,0,6976571.855402,2024-12-12 23:10:38.371005+00:00,2025-03-31 12:00:00+00:00,2025-04-01 07:46:38+00:00,2024-12-12 23:10:38.371005+00:00,2025-04-01 07:46:38+00:00,2624.5998969430552,2623.0,2024-12-13 00:00:00+00:00,2025-04-01 07:00:00+00:00,2624,0.006708983001200926
1082777,"Will Bitcoin reach $105,000 in January?",crypto,crypto_btc,No,0,6931678.684053,2026-01-01 19:23:03.116814+00:00,2026-02-01 05:00:00+00:00,2026-02-01 07:51:50+00:00,2026-01-01 19:23:03.116814+00:00,2026-02-01 07:51:50+00:00,732.4796897738888,731.0,2026-01-01 20:00:00+00:00,2026-02-01 07:00:00+00:00,729,0.01939487259138958
254578,Will Fed cut interest rates 4 times in 2024?,macro,macro_fed_rates,Yes,1,6812524.970527,2024-03-21 16:44:15.800000+00:00,2024-12-30 12:00:00+00:00,2024-12-18 22:29:52+00:00,2024-03-21 16:44:15.800000+00:00,2024-12-30 12:00:00+00:00,6811.262277777778,3221.0,2024-08-06 17:00:00+00:00,2024-12-18 22:00:00+00:00,3221,0.005635703582454764
254579,Will Fed cut interest rates 5 times in 2024?,macro,macro_fed_rates,No,0,6683117.51304494,2024-03-21 16:43:59.140000+00:00,2024-12-30 12:00:00+00:00,2024-12-18 22:09:10+00:00,2024-03-21 16:43:59.140000+00:00,2024-12-30 12:00:00+00:00,6811.266905555555,3221.0,2024-08-06 17:00:00+00:00,2024-12-18 22:00:00+00:00,3221,0.005635703582454763
504070,Fed decreases interest rates by 25 bps after September 2024 meeting?,macro,macro_fed_rates,No,0,6660914.249885,2024-08-02 20:44:00.334000+00:00,2024-09-18 12:00:00+00:00,2024-09-18 21:24:56+00:00,2024-08-02 20:44:00.334000+00:00,2024-09-18 21:24:56+00:00,1128.6821294444444,1036.0,2024-08-06 17:00:00+00:00,2024-09-18 21:00:00+00:00,1037,0.0005475789293186996
1473075,"Will Bitcoin dip to $55,000 in March?",crypto,crypto_btc,No,0,6531627.931738951,2026-03-01 05:18:44.523930+00:00,2026-04-01 04:00:00+00:00,2026-04-01 07:30:55+00:00,2026-03-01 05:18:44.523930+00:00,2026-04-01 07:30:55+00:00,746.2029100194444,744.0,2026-03-01 07:00:00+00:00,2026-04-01 07:00:00+00:00,686,0.018209069115374444
576410,"Will Ethereum hit $17,000 by December 31?",crypto,crypto_eth,No,0,6416296.559687,2025-08-15 09:36:06.410021+00:00,2026-01-01 04:00:00+00:00,2026-01-01 07:15:17+00:00,2025-08-15 09:36:06.410021+00:00,2026-01-01 07:15:17+00:00,3333.652941660833,3333.0,2025-08-15 10:00:00+00:00,2026-01-01 07:00:00+00:00,3328,0.0062846385845665405
1473042,"Will Ethereum reach $4,000 in March?",crypto,crypto_eth,No,0,6377509.958963935,2026-03-01 05:18:21.568413+00:00,2026-04-01 04:00:00+00:00,2026-04-01 07:33:05+00:00,2026-03-01 05:18:21.568413+00:00,2026-04-01 07:33:05+00:00,746.2453976630555,744.0,2026-03-01 07:00:00+00:00,2026-04-01 07:00:00+00:00,703,0.018209069115374444
572474,Will Trump nominate David Malpass as the next Fed chair?,macro,macro_fed_rates,No,0,6336304.770659,2025-08-05 17:28:23.662000+00:00,2026-12-31 00:00:00+00:00,2026-03-04 20:09:07+00:00,2025-08-05 17:28:23.662000+00:00,2026-12-31 00:00:00+00:00,12294.526760555555,5066.0,2025-08-05 18:00:00+00:00,2026-03-04 20:00:00+00:00,5044,0.011625048938097194
515502,"Will Bitcoin reach $200,000 by March 31?",crypto,crypto_btc,No,0,6211260.142575,2024-12-12 23:07:19.459996+00:00,2025-03-31 12:00:00+00:00,2025-04-01 08:01:20+00:00,2024-12-12 23:07:19.459996+00:00,2025-04-01 08:01:20+00:00,2624.9001500011113,2624.0,2024-12-13 00:00:00+00:00,2025-04-01 08:00:00+00:00,2625,0.00673296248212204
572491,Will Trump nominate Larry Lindsey as the next Fed chair?,macro,macro_fed_rates,No,0,6059959.378687004,2025-08-05 17:28:39.827000+00:00,2026-12-31 00:00:00+00:00,2026-03-04 20:13:13+00:00,2025-08-05 17:28:39.827000+00:00,2026-12-31 00:00:00+00:00,12294.522270277777,4177.0,2025-09-11 19:00:00+00:00,2026-03-04 20:00:00+00:00,4100,0.011625048938097194
687778,"Will Bitcoin reach $110,000 by December 31, 2025?",crypto,crypto_btc,No,0,6056873.975672,2025-11-17 19:37:32.442000+00:00,2026-01-01 05:00:00+00:00,2026-01-01 08:00:41+00:00,2025-11-17 19:37:32.442000+00:00,2026-01-01 08:00:41+00:00,1068.3857105555555,1068.0,2025-11-17 20:00:00+00:00,2026-01-01 08:00:00+00:00,1069,0.0037525342828936786
516730,Will 7 Fed rate cuts happen in 2025?,macro,macro_fed_rates,No,0,6045992.73764,2024-12-29 22:49:01.543705+00:00,2025-12-10 12:00:00+00:00,2025-12-10 22:18:50+00:00,2024-12-29 22:49:01.543705+00:00,2025-12-10 22:18:50+00:00,8303.496793415277,8303.0,2024-12-29 23:00:00+00:00,2025-12-10 22:00:00+00:00,8302,0.010968647275432453
618952,Will Bitcoin reach $130k in October?,crypto,crypto_btc,No,0,5978400.520639,2025-10-01 08:11:48.960747+00:00,2025-11-01 04:00:00+00:00,2025-11-01 06:09:16+00:00,2025-10-01 08:11:48.960747+00:00,2025-11-01 06:09:16+00:00,741.9575109036111,741.0,2025-10-01 09:00:00+00:00,2025-11-01 06:00:00+00:00,742,0.020138065568857284
1082772,"Will Bitcoin reach $110,000 in January?",crypto,crypto_btc,No,0,5848826.617589,2026-01-01 19:23:07.916393+00:00,2026-02-01 05:00:00+00:00,2026-02-01 07:48:04+00:00,2026-01-01 19:23:07.916393+00:00,2026-02-01 07:48:04+00:00,732.4155787797222,731.0,2026-01-01 20:00:00+00:00,2026-02-01 07:00:00+00:00,727,0.019394872591389584
516875,"Will Ethereum hit $8,000 by December 31?",crypto,crypto_eth,No,0,5745770.448967,2024-12-30 22:06:25.818000+00:00,2025-12-31 12:00:00+00:00,2026-01-01 07:18:21+00:00,2024-12-30 22:06:25.818000+00:00,2026-01-01 07:18:21+00:00,8793.198661666667,8792.0,2024-12-30 23:00:00+00:00,2026-01-01 07:00:00+00:00,8787,0.010251423007382748
659241,"Will Bitcoin reach $115,000 in November?",crypto,crypto_btc,No,0,5622333.157332,2025-11-01 01:11:24.799827+00:00,2025-12-01 05:00:00+00:00,2025-12-01 07:27:44+00:00,2025-11-01 01:11:24.799827+00:00,2025-12-01 07:27:44+00:00,726.2720000480555,725.0,2025-11-01 02:00:00+00:00,2025-12-01 07:00:00+00:00,726,0.01529334110259836
516937,US national Bitcoin reserve in 2025?,crypto,crypto_policy,No,0,5526758.797978,2024-12-31 16:55:58.855000+00:00,2025-12-31 12:00:00+00:00,2026-01-01 08:31:59+00:00,2024-12-31 16:55:58.855000+00:00,2026-01-01 08:31:59+00:00,8775.600040277777,8775.0,2024-12-31 17:00:00+00:00,2026-01-01 08:00:00+00:00,8772,0.01003712735873448
557762,Will Bitcoin reach $150K in July?,crypto,crypto_btc,No,0,5372746.646437,2025-06-30 16:52:45.956000+00:00,2025-08-01 04:00:00+00:00,2025-08-01 06:02:24+00:00,2025-06-30 16:52:45.956000+00:00,2025-08-01 06:02:24+00:00,757.1605677777778,756.0,2025-06-30 18:00:00+00:00,2025-08-01 06:00:00+00:00,757,0.010943905493612103
548616,Will Bitcoin reach $115K in June?,crypto,crypto_btc,No,0,5337732.561376,2025-05-30 20:34:35.818238+00:00,2025-06-30 00:00:00+00:00,2025-07-01 07:23:57+00:00,2025-05-30 20:34:35.818238+00:00,2025-07-01 07:23:57+00:00,754.8225504894444,754.0,2025-05-30 21:00:00+00:00,2025-07-01 07:00:00+00:00,754,0.010339664207103694
1473060,"Will Bitcoin reach $90,000 in March?",crypto,crypto_btc,No,0,5327306.985930001,2026-03-01 05:18:18.514527+00:00,2026-04-01 04:00:00+00:00,2026-04-01 07:31:47+00:00,2026-03-01 05:18:18.514527+00:00,2026-04-01 07:31:47+00:00,746.2245792980556,745.0,2026-03-01 06:00:00+00:00,2026-04-01 07:00:00+00:00,730,0.018209069115374444
574071,"Will Ethereum hit $14,000 by December 31?",crypto,crypto_eth,No,0,5145125.771701,2025-08-08 10:24:38.523000+00:00,,2026-01-01 07:20:27+00:00,2025-08-08 10:24:38.523000+00:00,2026-01-01 07:20:27+00:00,3500.9301325,3500.0,2025-08-08 11:00:00+00:00,2026-01-01 07:00:00+00:00,3495,0.012040332523506144
618950,Will Bitcoin reach $150k in October?,crypto,crypto_btc,No,0,5109930.292462,2025-10-01 08:11:40.015777+00:00,2025-11-01 04:00:00+00:00,2025-11-01 06:13:04+00:00,2025-10-01 08:11:40.015777+00:00,2025-11-01 06:13:04+00:00,742.0233289508333,741.0,2025-10-01 09:00:00+00:00,2025-11-01 06:00:00+00:00,742,0.020138065568857284
532807,Will Bitcoin reach $100k in April?,crypto,crypto_btc,No,0,5083115.723805,2025-04-01 00:03:03.519381+00:00,2025-04-30 12:00:00+00:00,2025-05-01 07:39:27+00:00,2025-04-01 00:03:03.519381+00:00,2025-05-01 07:39:27+00:00,727.6065223941666,726.0,2025-04-01 01:00:00+00:00,2025-05-01 07:00:00+00:00,727,0.007517809341977072
1082801,"Will Bitcoin dip to $75,000 in January?",crypto,crypto_btc,No,0,5040901.869193,2026-01-01 19:23:07.407668+00:00,2026-02-01 05:00:00+00:00,2026-02-01 07:50:52+00:00,2026-01-01 19:23:07.407668+00:00,2026-02-01 07:50:52+00:00,732.4623867588889,731.0,2026-01-01 20:00:00+00:00,2026-02-01 07:00:00+00:00,729,0.019394872591389584
515557,"Will Bitcoin dip to $70,000 by March 31?",crypto,crypto_btc,No,0,5033087.295531,2024-12-13 17:20:40.399000+00:00,2025-03-31 12:00:00+00:00,2025-04-01 07:51:54+00:00,2024-12-13 17:20:40.399000+00:00,2025-04-01 07:51:54+00:00,2606.5204447222222,2605.0,2024-12-13 18:00:00+00:00,2025-04-01 07:00:00+00:00,2606,0.00626635425547475
504492,Fed decreases interest rates by 25 bps after November 2024 meeting?,macro,macro_fed_rates,Yes,1,5010507.074128,2024-08-02 19:31:18.861489+00:00,2024-11-07 12:00:00+00:00,2024-11-07 23:00:02+00:00,2024-08-02 19:31:18.861489+00:00,2024-11-07 23:00:02+00:00,2331.478649586389,2237.0,2024-08-06 17:00:00+00:00,2024-11-07 22:00:00+00:00,2238,0.00464453718080223
516872,"Will Bitcoin dip to $50,000 by December 31, 2025?",crypto,crypto_btc,No,0,4969076.583099,2024-12-30 22:04:45.655000+00:00,2025-12-31 12:00:00+00:00,2026-01-01 07:17:23+00:00,2024-12-30 22:04:45.655000+00:00,2026-01-01 07:17:23+00:00,8793.210373611111,8792.0,2024-12-30 23:00:00+00:00,2026-01-01 07:00:00+00:00,8787,0.010251423007382748
540403,Will Bitcoin reach $125k in May?,crypto,crypto_btc,No,0,4863907.519751,2025-04-30 20:20:01.656834+00:00,2025-05-31 12:00:00+00:00,2025-06-01 07:25:53+00:00,2025-04-30 20:20:01.656834+00:00,2025-06-01 07:25:53+00:00,755.097595323889,754.0,2025-04-30 21:00:00+00:00,2025-06-01 07:00:00+00:00,755,0.011596203805517156
540404,Will Bitcoin reach $115k in May?,crypto,crypto_btc,No,0,4748065.896106,2025-04-30 20:19:53.655133+00:00,2025-05-31 12:00:00+00:00,2025-06-01 07:51:11+00:00,2025-04-30 20:19:53.655133+00:00,2025-06-01 07:51:11+00:00,755.5214846852778,754.0,2025-04-30 21:00:00+00:00,2025-06-01 07:00:00+00:00,755,0.011596203805517156
1473053,"Will Bitcoin reach $100,000 in March?",crypto,crypto_btc,No,0,4676220.955781978,2026-03-01 05:18:33.899374+00:00,2026-04-01 04:00:00+00:00,2026-04-01 07:43:15+00:00,2026-03-01 05:18:33.899374+00:00,2026-04-01 07:43:15+00:00,746.4114168405556,744.0,2026-03-01 06:00:00+00:00,2026-04-01 06:00:00+00:00,716,0.018209069115374444
618977,Will Ethereum reach $5000 in October?,crypto,crypto_eth,No,0,4662515.126834,2025-10-01 08:23:11.847405+00:00,2025-11-01 04:00:00+00:00,2025-11-01 06:10:12+00:00,2025-10-01 08:23:11.847405+00:00,2025-11-01 06:10:12+00:00,741.7833757208333,741.0,2025-10-01 09:00:00+00:00,2025-11-01 06:00:00+00:00,742,0.020138065568857284
558316,Will Bitcoin reach $200K in July?,crypto,crypto_btc,No,0,4612360.039851,2025-07-01 14:13:50.330000+00:00,2025-08-01 04:00:00+00:00,2025-08-01 06:06:18+00:00,2025-07-01 14:13:50.330000+00:00,2025-08-01 06:06:18+00:00,735.8743527777777,735.0,2025-07-01 15:00:00+00:00,2025-08-01 06:00:00+00:00,736,0.00996632132575836
540401,Will Bitcoin reach $200k in May?,crypto,crypto_btc,No,0,4586719.352159,2025-04-30 20:19:53.659367+00:00,2025-05-31 12:00:00+00:00,2025-06-01 07:51:05+00:00,2025-04-30 20:19:53.659367+00:00,2025-06-01 07:51:05+00:00,755.5198168425,754.0,2025-04-30 21:00:00+00:00,2025-06-01 07:00:00+00:00,755,0.011596203805517156
1473063,"Will Bitcoin reach $85,000 in March?",crypto,crypto_btc,No,0,4542101.699372993,2026-03-01 05:18:35.484463+00:00,2026-04-01 04:00:00+00:00,2026-04-01 07:30:49+00:00,2026-03-01 05:18:35.484463+00:00,2026-04-01 07:30:49+00:00,746.2037543158333,744.0,2026-03-01 07:00:00+00:00,2026-04-01 07:00:00+00:00,695,0.018209069115374444
548615,Will Bitcoin reach $120K in June?,crypto,crypto_btc,No,0,4400436.534948,2025-05-30 20:34:41.820974+00:00,2025-06-30 00:00:00+00:00,2025-07-01 08:49:19+00:00,2025-05-30 20:34:41.820974+00:00,2025-07-01 08:49:19+00:00,756.2436608405557,755.0,2025-05-30 21:00:00+00:00,2025-07-01 08:00:00+00:00,755,0.010381542687469785
558317,Will Bitcoin reach $130K in July?,crypto,crypto_btc,No,0,4367871.622898,2025-07-01 14:21:49.139000+00:00,2025-08-01 04:00:00+00:00,2025-08-01 06:08:16+00:00,2025-07-01 14:21:49.139000+00:00,2025-08-01 06:08:16+00:00,735.7741280555556,735.0,2025-07-01 15:00:00+00:00,2025-08-01 06:00:00+00:00,736,0.00996632132575836
1082763,"Will Bitcoin reach $120,000 in January?",crypto,crypto_btc,No,0,4349534.835157,2026-01-01 19:23:01.285916+00:00,2026-02-01 05:00:00+00:00,2026-02-01 07:51:50+00:00,2026-01-01 19:23:01.285916+00:00,2026-02-01 07:51:50+00:00,732.4801983566666,731.0,2026-01-01 20:00:00+00:00,2026-02-01 07:00:00+00:00,730,0.019394872591389584
572483,Will Trump nominate Marc Sumerlin as the next Fed chair?,macro,macro_fed_rates,No,0,4328814.774965,2025-08-05 17:28:31.405000+00:00,2026-12-31 00:00:00+00:00,2026-03-04 20:10:09+00:00,2025-08-05 17:28:31.405000+00:00,2026-12-31 00:00:00+00:00,12294.524609722223,4991.0,2025-08-08 21:00:00+00:00,2026-03-04 20:00:00+00:00,4980,0.011625048938097194
1473078,"Will Bitcoin dip to $50,000 in March?",crypto,crypto_btc,No,0,4295129.024575023,2026-03-01 05:18:43.791692+00:00,2026-04-01 04:00:00+00:00,2026-04-01 07:29:49+00:00,2026-03-01 05:18:43.791692+00:00,2026-04-01 07:29:49+00:00,746.1847800855556,744.0,2026-03-01 07:00:00+00:00,2026-04-01 07:00:00+00:00,701,0.018209069115374444
515503,"Will Bitcoin reach $150,000 by March 31?",crypto,crypto_btc,No,0,4273926.841544,2024-12-12 23:08:53.279366+00:00,2025-03-31 12:00:00+00:00,2025-04-01 07:51:30+00:00,2024-12-12 23:08:53.279366+00:00,2025-04-01 07:51:30+00:00,2624.7102001761114,2623.0,2024-12-13 00:00:00+00:00,2025-04-01 07:00:00+00:00,2624,0.006708983001200926
515505,"Will Bitcoin reach $120,000 by March 31?",crypto,crypto_btc,No,0,4250183.439874,2024-12-12 23:10:24.264022+00:00,2025-03-31 12:00:00+00:00,2025-04-01 07:51:34+00:00,2024-12-12 23:10:24.264022+00:00,2025-04-01 07:51:34+00:00,2624.6860377716666,2623.0,2024-12-13 00:00:00+00:00,2025-04-01 07:00:00+00:00,2624,0.006708983001200926
1082753,"Will Bitcoin reach $130,000 in January?",crypto,crypto_btc,No,0,4218206.46442,2026-01-01 19:22:58.996830+00:00,2026-02-01 05:00:00+00:00,2026-02-01 07:47:02+00:00,2026-01-01 19:22:58.996830+00:00,2026-02-01 07:47:02+00:00,732.4008342138889,731.0,2026-01-01 20:00:00+00:00,2026-02-01 07:00:00+00:00,726,0.01939487259138958
1082805,"Will Bitcoin dip to $70,000 in January?",crypto,crypto_btc,No,0,4150722.768299,2026-01-01 19:23:09.608160+00:00,2026-02-01 05:00:00+00:00,2026-02-01 07:49:00+00:00,2026-01-01 19:23:09.608160+00:00,2026-02-01 07:49:00+00:00,732.4306644000001,731.0,2026-01-01 20:00:00+00:00,2026-02-01 07:00:00+00:00,725,0.01939487259138958
618965,Will Bitcoin dip to $100k in October?,crypto,crypto_btc,No,0,4135952.554834,2025-10-01 08:11:44.966636+00:00,2025-11-01 04:00:00+00:00,2025-11-01 06:18:54+00:00,2025-10-01 08:11:44.966636+00:00,2025-11-01 06:18:54+00:00,742.1191759344443,741.0,2025-10-01 09:00:00+00:00,2025-11-01 06:00:00+00:00,742,0.020138065568857284
526179,"Will Bitcoin dip to $75,000 by March 31?",crypto,crypto_btc,No,0,4097021.610682,2025-02-28 18:26:55.518000+00:00,2025-03-31 12:00:00+00:00,2025-04-01 07:51:10+00:00,2025-02-28 18:26:55.518000+00:00,2025-04-01 07:51:10+00:00,757.4040227777778,756.0,2025-02-28 19:00:00+00:00,2025-04-01 07:00:00+00:00,757,0.011047658937520752
618978,Will Ethereum reach $4800 in October?,crypto,crypto_eth,No,0,4087360.807277,2025-10-01 08:23:09.841033+00:00,2025-11-01 04:00:00+00:00,2025-11-01 06:11:14+00:00,2025-10-01 08:23:09.841033+00:00,2025-11-01 06:11:14+00:00,741.8011552686111,741.0,2025-10-01 09:00:00+00:00,2025-11-01 06:00:00+00:00,742,0.020138065568857284
516873,"Will Bitcoin dip to $20,000 by December 31, 2025?",crypto,crypto_btc,No,0,4003570.185958,2024-12-30 22:05:11.705000+00:00,2025-12-31 12:00:00+00:00,2026-01-01 07:15:17+00:00,2024-12-30 22:05:11.705000+00:00,2026-01-01 07:15:17+00:00,8793.1681375,8792.0,2024-12-30 23:00:00+00:00,2026-01-01 07:00:00+00:00,8786,0.010251423007382748
254576,Will Fed cut interest rates 2 times in 2024?,macro,macro_fed_rates,No,0,3982525.829184,2024-03-21 16:44:22.785000+00:00,2024-12-30 12:00:00+00:00,2024-11-08 02:43:42+00:00,2024-03-21 16:44:22.785000+00:00,2024-12-30 12:00:00+00:00,6811.2603375,2241.0,2024-08-06 17:00:00+00:00,2024-11-08 02:00:00+00:00,2242,0.005635703582454764
516729,Will 8+ Fed rate cuts happen in 2025?,macro,macro_fed_rates,No,0,3970078.575117,2024-12-29 22:49:51.637300+00:00,2025-12-10 12:00:00+00:00,2025-12-10 22:17:52+00:00,2024-12-29 22:49:51.637300+00:00,2025-12-10 22:17:52+00:00,8303.466767416667,8303.0,2024-12-29 23:00:00+00:00,2025-12-10 22:00:00+00:00,8301,0.010968647275432453
548614,Will Bitcoin reach $150K in June?,crypto,crypto_btc,No,0,3930132.868387,2025-05-30 20:34:36.073508+00:00,2025-06-30 00:00:00+00:00,2025-07-02 00:44:21+00:00,2025-05-30 20:34:36.073508+00:00,2025-07-02 00:44:21+00:00,772.1624795811111,771.0,2025-05-30 21:00:00+00:00,2025-07-02 00:00:00+00:00,771,0.0048580604989113645
618972,Will Ethereum reach $8000 in October?,crypto,crypto_eth,No,0,3900458.869197,2025-10-01 08:22:56.936784+00:00,2025-11-01 04:00:00+00:00,2025-11-01 06:11:12+00:00,2025-10-01 08:22:56.936784+00:00,2025-11-01 06:11:12+00:00,741.8041842266666,741.0,2025-10-01 09:00:00+00:00,2025-11-01 06:00:00+00:00,741,0.020138065568857284
